"","Time","Time","Time"
"sci_RNA_A_001_TCTCTCATCC",1,0,0
"sci_RNA_A_001_GACCAATGCG",1,0,0
"sci_RNA_A_002_ATCTAGGTTC",1,0,0
"sci_RNA_A_003_ACGTTGAATG",1,0,0
"sci_RNA_A_003_CCTAAGCGGT",1,0,0
"sci_RNA_A_003_CCATCGGACC",1,0,0
"sci_RNA_A_004_AAGCATCCTA",1,0,0
"sci_RNA_A_004_ACTGGTAGAT",1,0,0
"sci_RNA_A_004_CCTAAGCGGT",1,0,0
"sci_RNA_A_005_CTGGTTGGTT",1,0,0
"sci_RNA_A_006_AAGCATCCTA",1,0,0
"sci_RNA_A_007_ACGCGCTCCT",1,0,0
"sci_RNA_A_008_ACTGGTAGAT",1,0,0
"sci_RNA_A_008_TTGATATGAA",1,0,0
"sci_RNA_A_009_TCTCTCATCC",1,0,0
"sci_RNA_A_010_TCTCTCATCC",1,0,0
"sci_RNA_A_010_GATTCCGGAA",1,0,0
"sci_RNA_A_010_ACGTTGAATG",1,0,0
"sci_RNA_A_010_CCTAAGCGGT",1,0,0
"sci_RNA_A_011_TCTCTCATCC",1,0,0
"sci_RNA_A_012_CCTAAGCGGT",1,0,0
"sci_RNA_A_012_TTGATATGAA",1,0,0
"sci_RNA_A_013_AAGCATCCTA",1,0,0
"sci_RNA_A_013_ACGCGCTCCT",1,0,0
"sci_RNA_A_014_ACGTTGAATG",1,0,0
"sci_RNA_A_015_TCTCTCATCC",1,0,0
"sci_RNA_A_016_GCGGTTATTG",1,0,0
"sci_RNA_A_016_ATCTAGGTTC",1,0,0
"sci_RNA_A_018_ACTCGACGCC",1,0,0
"sci_RNA_A_018_ACGTTGAATG",1,0,0
"sci_RNA_A_019_GGCTGCCTTA",1,0,0
"sci_RNA_A_020_AAGCATCCTA",1,0,0
"sci_RNA_A_020_GCGGTTATTG",1,0,0
"sci_RNA_A_021_ACTGGTAGAT",1,0,0
"sci_RNA_A_021_CCATCGGACC",1,0,0
"sci_RNA_A_022_ACGTTGAATG",1,0,0
"sci_RNA_A_022_CTTCATTAGA",1,0,0
"sci_RNA_A_024_GCGGTTATTG",1,0,0
"sci_RNA_A_026_ACTCGACGCC",1,0,0
"sci_RNA_A_026_CTTCATTAGA",1,0,0
"sci_RNA_A_026_CCTAAGCGGT",1,0,0
"sci_RNA_A_026_TTGATATGAA",1,0,0
"sci_RNA_A_027_AAGCATCCTA",1,0,0
"sci_RNA_A_027_GGCTGCCTTA",1,0,0
"sci_RNA_A_027_ACGTTGAATG",1,0,0
"sci_RNA_A_029_TCTCTCATCC",1,0,0
"sci_RNA_A_029_CTTCATTAGA",1,0,0
"sci_RNA_A_029_CCTAAGCGGT",1,0,0
"sci_RNA_A_030_CTGGTTGGTT",1,0,0
"sci_RNA_A_030_ACTGGTAGAT",1,0,0
"sci_RNA_A_031_ACTCGACGCC",1,0,0
"sci_RNA_A_032_GACCAATGCG",1,0,0
"sci_RNA_A_034_ACTCGACGCC",1,0,0
"sci_RNA_A_034_ACGTTGAATG",1,0,0
"sci_RNA_A_034_GACCAATGCG",1,0,0
"sci_RNA_A_035_GCGGTTATTG",1,0,0
"sci_RNA_A_036_ACTGGTAGAT",1,0,0
"sci_RNA_A_037_ACGTTGAATG",1,0,0
"sci_RNA_A_037_CCTAAGCGGT",1,0,0
"sci_RNA_A_038_AAGCATCCTA",1,0,0
"sci_RNA_A_039_GCGGTTATTG",1,0,0
"sci_RNA_A_039_ACGTTGAATG",1,0,0
"sci_RNA_A_039_CCATCGGACC",1,0,0
"sci_RNA_A_041_TCTCTCATCC",1,0,0
"sci_RNA_A_041_GGCTGCCTTA",1,0,0
"sci_RNA_A_042_GCGGTTATTG",1,0,0
"sci_RNA_A_043_GACCAATGCG",1,0,0
"sci_RNA_A_044_TCTCTCATCC",1,0,0
"sci_RNA_A_044_GATTCCGGAA",1,0,0
"sci_RNA_A_044_GCGGTTATTG",1,0,0
"sci_RNA_A_044_CCTAAGCGGT",1,0,0
"sci_RNA_A_044_ACGCGCTCCT",1,0,0
"sci_RNA_A_047_CCTAAGCGGT",1,0,0
"sci_RNA_A_048_CCTAAGCGGT",1,0,0
"sci_RNA_A_050_AAGCATCCTA",1,0,0
"sci_RNA_A_050_ACGTTGAATG",1,0,0
"sci_RNA_A_051_GATTCCGGAA",1,0,0
"sci_RNA_A_051_ACGTTGAATG",1,0,0
"sci_RNA_A_051_CCTAAGCGGT",1,0,0
"sci_RNA_A_051_ACGCGCTCCT",1,0,0
"sci_RNA_A_052_TCTCTCATCC",1,0,0
"sci_RNA_A_053_AAGCATCCTA",1,0,0
"sci_RNA_A_053_ACGCGCTCCT",1,0,0
"sci_RNA_A_054_ACTCGACGCC",1,0,0
"sci_RNA_A_054_GCGGTTATTG",1,0,0
"sci_RNA_A_054_ATCTAGGTTC",1,0,0
"sci_RNA_A_056_GATTCCGGAA",1,0,0
"sci_RNA_A_058_AAGCATCCTA",1,0,0
"sci_RNA_A_058_TCTCTCATCC",1,0,0
"sci_RNA_A_059_GCGGTTATTG",1,0,0
"sci_RNA_A_059_CCTAAGCGGT",1,0,0
"sci_RNA_A_060_CTTCATTAGA",1,0,0
"sci_RNA_A_061_ACTGGTAGAT",1,0,0
"sci_RNA_A_062_GATTCCGGAA",1,0,0
"sci_RNA_A_062_GCGGTTATTG",1,0,0
"sci_RNA_A_063_ACGCGCTCCT",1,0,0
"sci_RNA_A_064_CCATCGGACC",1,0,0
"sci_RNA_A_065_CCATCGGACC",1,0,0
"sci_RNA_A_066_CTTCATTAGA",1,0,0
"sci_RNA_A_066_ACGCGCTCCT",1,0,0
"sci_RNA_A_068_AAGCATCCTA",1,0,0
"sci_RNA_A_068_GATTCCGGAA",1,0,0
"sci_RNA_A_069_ATCTAGGTTC",1,0,0
"sci_RNA_A_070_TCTCTCATCC",1,0,0
"sci_RNA_A_073_AAGCATCCTA",1,0,0
"sci_RNA_A_074_ACTCGACGCC",1,0,0
"sci_RNA_A_074_GATTCCGGAA",1,0,0
"sci_RNA_A_074_TTGATATGAA",1,0,0
"sci_RNA_A_075_CTGGTTGGTT",1,0,0
"sci_RNA_A_075_CTTCATTAGA",1,0,0
"sci_RNA_A_076_GCGGTTATTG",1,0,0
"sci_RNA_A_077_GCGGTTATTG",1,0,0
"sci_RNA_A_077_ACGTTGAATG",1,0,0
"sci_RNA_A_077_CCATCGGACC",1,0,0
"sci_RNA_A_078_AAGCATCCTA",1,0,0
"sci_RNA_A_078_TCTCTCATCC",1,0,0
"sci_RNA_A_078_GGCTGCCTTA",1,0,0
"sci_RNA_A_078_CCTAAGCGGT",1,0,0
"sci_RNA_A_079_TCTCTCATCC",1,0,0
"sci_RNA_A_079_TTGATATGAA",1,0,0
"sci_RNA_A_080_ACTGGTAGAT",1,0,0
"sci_RNA_A_081_ACGCGCTCCT",1,0,0
"sci_RNA_A_084_CCTAAGCGGT",1,0,0
"sci_RNA_A_085_GCGGTTATTG",1,0,0
"sci_RNA_A_085_ACGCGCTCCT",1,0,0
"sci_RNA_A_086_CTTCATTAGA",1,0,0
"sci_RNA_A_087_GCGGTTATTG",1,0,0
"sci_RNA_A_087_ACGCGCTCCT",1,0,0
"sci_RNA_A_088_CTGGTTGGTT",1,0,0
"sci_RNA_A_088_CTTCATTAGA",1,0,0
"sci_RNA_A_089_GACCAATGCG",1,0,0
"sci_RNA_A_091_ACTCGACGCC",1,0,0
"sci_RNA_A_091_AAGCATCCTA",1,0,0
"sci_RNA_A_091_GGCTGCCTTA",1,0,0
"sci_RNA_A_091_ATCTAGGTTC",1,0,0
"sci_RNA_A_093_TCTCTCATCC",1,0,0
"sci_RNA_A_093_GATTCCGGAA",1,0,0
"sci_RNA_A_093_CTTCATTAGA",1,0,0
"sci_RNA_A_094_ATCTAGGTTC",1,0,0
"sci_RNA_A_095_CCATCGGACC",1,0,0
"sci_RNA_B_001_TCTCTCATCC",1,0,0
"sci_RNA_B_002_GCGGTTATTG",1,0,0
"sci_RNA_B_002_ACGCGCTCCT",1,0,0
"sci_RNA_B_003_AAGCATCCTA",1,0,0
"sci_RNA_B_003_CTTCATTAGA",1,0,0
"sci_RNA_B_003_GACCAATGCG",1,0,0
"sci_RNA_B_004_TTGATATGAA",1,0,0
"sci_RNA_B_008_CTTCATTAGA",1,0,0
"sci_RNA_B_009_ACGTTGAATG",1,0,0
"sci_RNA_B_009_TTGATATGAA",1,0,0
"sci_RNA_B_010_CTTCATTAGA",1,0,0
"sci_RNA_B_011_CCTAAGCGGT",1,0,0
"sci_RNA_B_014_ACTGGTAGAT",1,0,0
"sci_RNA_B_015_ATCTAGGTTC",1,0,0
"sci_RNA_B_016_GCGGTTATTG",1,0,0
"sci_RNA_B_016_TTGATATGAA",1,0,0
"sci_RNA_B_017_ACTGGTAGAT",1,0,0
"sci_RNA_B_017_CCTAAGCGGT",1,0,0
"sci_RNA_B_018_CTTCATTAGA",1,0,0
"sci_RNA_B_018_TTGATATGAA",1,0,0
"sci_RNA_B_020_ACTCGACGCC",1,0,0
"sci_RNA_B_020_GCGGTTATTG",1,0,0
"sci_RNA_B_022_CCTAAGCGGT",1,0,0
"sci_RNA_B_022_ACGCGCTCCT",1,0,0
"sci_RNA_B_023_ACGTTGAATG",1,0,0
"sci_RNA_B_023_ACTGGTAGAT",1,0,0
"sci_RNA_B_024_CCATCGGACC",1,0,0
"sci_RNA_B_024_ACGCGCTCCT",1,0,0
"sci_RNA_B_025_GGCTGCCTTA",1,0,0
"sci_RNA_B_025_CCTAAGCGGT",1,0,0
"sci_RNA_B_025_CCATCGGACC",1,0,0
"sci_RNA_B_026_ACGTTGAATG",1,0,0
"sci_RNA_B_029_TTGATATGAA",1,0,0
"sci_RNA_B_030_ATCTAGGTTC",1,0,0
"sci_RNA_B_030_CCTAAGCGGT",1,0,0
"sci_RNA_B_031_ACTCGACGCC",1,0,0
"sci_RNA_B_032_CTGGTTGGTT",1,0,0
"sci_RNA_B_033_ACTGGTAGAT",1,0,0
"sci_RNA_B_034_ACGTTGAATG",1,0,0
"sci_RNA_B_037_TTGATATGAA",1,0,0
"sci_RNA_B_038_ATCTAGGTTC",1,0,0
"sci_RNA_B_038_CCATCGGACC",1,0,0
"sci_RNA_B_039_ATCTAGGTTC",1,0,0
"sci_RNA_B_040_GCGGTTATTG",1,0,0
"sci_RNA_B_041_CTGGTTGGTT",1,0,0
"sci_RNA_B_041_GATTCCGGAA",1,0,0
"sci_RNA_B_041_GCGGTTATTG",1,0,0
"sci_RNA_B_042_GGCTGCCTTA",1,0,0
"sci_RNA_B_043_ACGTTGAATG",1,0,0
"sci_RNA_B_043_CTTCATTAGA",1,0,0
"sci_RNA_B_044_ACTCGACGCC",1,0,0
"sci_RNA_B_044_GATTCCGGAA",1,0,0
"sci_RNA_B_045_GACCAATGCG",1,0,0
"sci_RNA_B_047_GCGGTTATTG",1,0,0
"sci_RNA_B_047_TTGATATGAA",1,0,0
"sci_RNA_B_048_TCTCTCATCC",1,0,0
"sci_RNA_B_049_GATTCCGGAA",1,0,0
"sci_RNA_B_049_ACTGGTAGAT",1,0,0
"sci_RNA_B_049_GACCAATGCG",1,0,0
"sci_RNA_B_050_GATTCCGGAA",1,0,0
"sci_RNA_B_050_GACCAATGCG",1,0,0
"sci_RNA_B_051_CCTAAGCGGT",1,0,0
"sci_RNA_B_052_ACTCGACGCC",1,0,0
"sci_RNA_B_052_TCTCTCATCC",1,0,0
"sci_RNA_B_054_TCTCTCATCC",1,0,0
"sci_RNA_B_054_CTGGTTGGTT",1,0,0
"sci_RNA_B_055_AAGCATCCTA",1,0,0
"sci_RNA_B_055_GCGGTTATTG",1,0,0
"sci_RNA_B_055_CCTAAGCGGT",1,0,0
"sci_RNA_B_056_AAGCATCCTA",1,0,0
"sci_RNA_B_057_ACGTTGAATG",1,0,0
"sci_RNA_B_058_AAGCATCCTA",1,0,0
"sci_RNA_B_058_GCGGTTATTG",1,0,0
"sci_RNA_B_058_CTTCATTAGA",1,0,0
"sci_RNA_B_061_ACGTTGAATG",1,0,0
"sci_RNA_B_061_CCATCGGACC",1,0,0
"sci_RNA_B_062_ACTCGACGCC",1,0,0
"sci_RNA_B_062_GCGGTTATTG",1,0,0
"sci_RNA_B_062_ACGTTGAATG",1,0,0
"sci_RNA_B_063_ACGTTGAATG",1,0,0
"sci_RNA_B_063_CCATCGGACC",1,0,0
"sci_RNA_B_064_TCTCTCATCC",1,0,0
"sci_RNA_C_002_CCATCGGACC",1,0,0
"sci_RNA_C_003_CCTAAGCGGT",1,0,0
"sci_RNA_C_004_GCGGTTATTG",1,0,0
"sci_RNA_C_005_TTGATATGAA",1,0,0
"sci_RNA_C_007_GCGGTTATTG",1,0,0
"sci_RNA_C_009_ACTCGACGCC",1,0,0
"sci_RNA_C_009_ACTGGTAGAT",1,0,0
"sci_RNA_C_009_TTGATATGAA",1,0,0
"sci_RNA_C_010_ACTGGTAGAT",1,0,0
"sci_RNA_C_010_CCATCGGACC",1,0,0
"sci_RNA_C_010_GACCAATGCG",1,0,0
"sci_RNA_C_010_TTGATATGAA",1,0,0
"sci_RNA_C_012_CCTAAGCGGT",1,0,0
"sci_RNA_C_013_CCTAAGCGGT",1,0,0
"sci_RNA_C_014_CCATCGGACC",1,0,0
"sci_RNA_C_014_GACCAATGCG",1,0,0
"sci_RNA_C_018_ACGCGCTCCT",1,0,0
"sci_RNA_C_019_AAGCATCCTA",1,0,0
"sci_RNA_C_019_ATCTAGGTTC",1,0,0
"sci_RNA_C_019_ACGCGCTCCT",1,0,0
"sci_RNA_C_020_CCATCGGACC",1,0,0
"sci_RNA_C_022_GGCTGCCTTA",1,0,0
"sci_RNA_C_023_ACGCGCTCCT",1,0,0
"sci_RNA_C_025_CTTCATTAGA",1,0,0
"sci_RNA_C_026_ACTCGACGCC",1,0,0
"sci_RNA_C_027_ACGCGCTCCT",1,0,0
"sci_RNA_C_028_ATCTAGGTTC",1,0,0
"sci_RNA_C_029_ACGTTGAATG",1,0,0
"sci_RNA_C_029_CTTCATTAGA",1,0,0
"sci_RNA_C_031_ACTCGACGCC",1,0,0
"sci_RNA_C_031_ACGCGCTCCT",1,0,0
"sci_RNA_C_032_GCGGTTATTG",1,0,0
"sci_RNA_C_032_TTGATATGAA",1,0,0
"sci_RNA_C_033_CCATCGGACC",1,0,0
"sci_RNA_C_033_ACGCGCTCCT",1,0,0
"sci_RNA_C_034_AAGCATCCTA",1,0,0
"sci_RNA_C_035_GATTCCGGAA",1,0,0
"sci_RNA_C_035_ATCTAGGTTC",1,0,0
"sci_RNA_C_036_ACGTTGAATG",1,0,0
"sci_RNA_C_038_GCGGTTATTG",1,0,0
"sci_RNA_C_038_CCTAAGCGGT",1,0,0
"sci_RNA_C_040_GATTCCGGAA",1,0,0
"sci_RNA_C_040_ACGCGCTCCT",1,0,0
"sci_RNA_C_041_AAGCATCCTA",1,0,0
"sci_RNA_C_041_ACTGGTAGAT",1,0,0
"sci_RNA_C_041_GACCAATGCG",1,0,0
"sci_RNA_C_042_AAGCATCCTA",1,0,0
"sci_RNA_C_042_ATCTAGGTTC",1,0,0
"sci_RNA_C_044_TCTCTCATCC",1,0,0
"sci_RNA_C_045_ACTGGTAGAT",1,0,0
"sci_RNA_C_045_CCTAAGCGGT",1,0,0
"sci_RNA_C_045_TTGATATGAA",1,0,0
"sci_RNA_C_048_GGCTGCCTTA",1,0,0
"sci_RNA_C_050_GGCTGCCTTA",1,0,0
"sci_RNA_C_050_CTTCATTAGA",1,0,0
"sci_RNA_C_051_CTTCATTAGA",1,0,0
"sci_RNA_C_052_ACTCGACGCC",1,0,0
"sci_RNA_C_052_CTTCATTAGA",1,0,0
"sci_RNA_C_052_CCATCGGACC",1,0,0
"sci_RNA_C_053_GGCTGCCTTA",1,0,0
"sci_RNA_C_053_ACTGGTAGAT",1,0,0
"sci_RNA_C_053_CTTCATTAGA",1,0,0
"sci_RNA_C_054_GCGGTTATTG",1,0,0
"sci_RNA_C_054_ACTGGTAGAT",1,0,0
"sci_RNA_C_056_ACTCGACGCC",1,0,0
"sci_RNA_C_058_ACTCGACGCC",1,0,0
"sci_RNA_C_059_ATCTAGGTTC",1,0,0
"sci_RNA_C_060_ACGCGCTCCT",1,0,0
"sci_RNA_C_061_ACGTTGAATG",1,0,0
"sci_RNA_C_061_CTTCATTAGA",1,0,0
"sci_RNA_C_062_ACGTTGAATG",1,0,0
"sci_RNA_C_062_ATCTAGGTTC",1,0,0
"sci_RNA_C_063_TTGATATGAA",1,0,0
"sci_RNA_C_064_CTGGTTGGTT",1,0,0
"sci_RNA_C_066_AAGCATCCTA",1,0,0
"sci_RNA_C_066_GATTCCGGAA",1,0,0
"sci_RNA_C_066_ACTGGTAGAT",1,0,0
"sci_RNA_C_066_ACGCGCTCCT",1,0,0
"sci_RNA_C_067_ACTGGTAGAT",1,0,0
"sci_RNA_C_068_GACCAATGCG",1,0,0
"sci_RNA_C_070_GCGGTTATTG",1,0,0
"sci_RNA_C_071_ACTGGTAGAT",1,0,0
"sci_RNA_C_071_CTTCATTAGA",1,0,0
"sci_RNA_C_071_ACGCGCTCCT",1,0,0
"sci_RNA_C_072_AAGCATCCTA",1,0,0
"sci_RNA_C_073_TCTCTCATCC",1,0,0
"sci_RNA_C_073_GCGGTTATTG",1,0,0
"sci_RNA_C_073_ACGTTGAATG",1,0,0
"sci_RNA_C_075_GCGGTTATTG",1,0,0
"sci_RNA_C_076_ACTCGACGCC",1,0,0
"sci_RNA_C_077_TCTCTCATCC",1,0,0
"sci_RNA_C_077_ACGTTGAATG",1,0,0
"sci_RNA_C_078_AAGCATCCTA",1,0,0
"sci_RNA_C_078_CCTAAGCGGT",1,0,0
"sci_RNA_C_079_TCTCTCATCC",1,0,0
"sci_RNA_C_079_GATTCCGGAA",1,0,0
"sci_RNA_C_080_GATTCCGGAA",1,0,0
"sci_RNA_C_081_ACTCGACGCC",1,0,0
"sci_RNA_C_082_TCTCTCATCC",1,0,0
"sci_RNA_C_082_GCGGTTATTG",1,0,0
"sci_RNA_C_083_CTGGTTGGTT",1,0,0
"sci_RNA_C_083_GACCAATGCG",1,0,0
"sci_RNA_C_084_ACGCGCTCCT",1,0,0
"sci_RNA_C_085_GCGGTTATTG",1,0,0
"sci_RNA_C_086_CTGGTTGGTT",1,0,0
"sci_RNA_C_086_CCATCGGACC",1,0,0
"sci_RNA_C_087_ATCTAGGTTC",1,0,0
"sci_RNA_C_088_ACTCGACGCC",1,0,0
"sci_RNA_C_088_GCGGTTATTG",1,0,0
"sci_RNA_C_088_GGCTGCCTTA",1,0,0
"sci_RNA_C_088_CTTCATTAGA",1,0,0
"sci_RNA_C_089_ATCTAGGTTC",1,0,0
"sci_RNA_C_090_GATTCCGGAA",1,0,0
"sci_RNA_C_090_GCGGTTATTG",1,0,0
"sci_RNA_C_091_ACTGGTAGAT",1,0,0
"sci_RNA_C_092_GGCTGCCTTA",1,0,0
"sci_RNA_C_092_ATCTAGGTTC",1,0,0
"sci_RNA_C_092_GACCAATGCG",1,0,0
"sci_RNA_C_093_ACTCGACGCC",1,0,0
"sci_RNA_C_094_TCTCTCATCC",1,0,0
"sci_RNA_C_095_ACGCGCTCCT",1,0,0
"sci_RNA_D_001_TTGATATGAA",1,0,0
"sci_RNA_D_002_ACTCGACGCC",1,0,0
"sci_RNA_D_002_GGCTGCCTTA",1,0,0
"sci_RNA_D_002_TTGATATGAA",1,0,0
"sci_RNA_D_004_ACTCGACGCC",1,0,0
"sci_RNA_D_004_ATCTAGGTTC",1,0,0
"sci_RNA_D_004_GACCAATGCG",1,0,0
"sci_RNA_D_005_ACTGGTAGAT",1,0,0
"sci_RNA_D_005_ACGCGCTCCT",1,0,0
"sci_RNA_D_008_TCTCTCATCC",1,0,0
"sci_RNA_D_009_GCGGTTATTG",1,0,0
"sci_RNA_D_011_GGCTGCCTTA",1,0,0
"sci_RNA_D_012_ACGTTGAATG",1,0,0
"sci_RNA_D_013_ACTGGTAGAT",1,0,0
"sci_RNA_D_013_CCATCGGACC",1,0,0
"sci_RNA_D_014_GACCAATGCG",1,0,0
"sci_RNA_D_015_CTTCATTAGA",1,0,0
"sci_RNA_D_016_CTGGTTGGTT",1,0,0
"sci_RNA_D_016_TTGATATGAA",1,0,0
"sci_RNA_D_017_CTGGTTGGTT",1,0,0
"sci_RNA_D_020_ACGTTGAATG",1,0,0
"sci_RNA_D_020_CCTAAGCGGT",1,0,0
"sci_RNA_D_021_GGCTGCCTTA",1,0,0
"sci_RNA_D_021_ACTGGTAGAT",1,0,0
"sci_RNA_D_022_ACGCGCTCCT",1,0,0
"sci_RNA_D_023_CTTCATTAGA",1,0,0
"sci_RNA_D_024_CCTAAGCGGT",1,0,0
"sci_RNA_D_024_ACGCGCTCCT",1,0,0
"sci_RNA_D_025_CTGGTTGGTT",1,0,0
"sci_RNA_D_026_TTGATATGAA",1,0,0
"sci_RNA_D_027_GCGGTTATTG",1,0,0
"sci_RNA_D_028_ACTCGACGCC",1,0,0
"sci_RNA_D_028_CTGGTTGGTT",1,0,0
"sci_RNA_D_029_CTGGTTGGTT",1,0,0
"sci_RNA_D_029_ACGTTGAATG",1,0,0
"sci_RNA_D_029_CTTCATTAGA",1,0,0
"sci_RNA_D_030_CTTCATTAGA",1,0,0
"sci_RNA_D_031_TTGATATGAA",1,0,0
"sci_RNA_D_032_AAGCATCCTA",1,0,0
"sci_RNA_D_036_CTGGTTGGTT",1,0,0
"sci_RNA_D_036_GGCTGCCTTA",1,0,0
"sci_RNA_D_036_ATCTAGGTTC",1,0,0
"sci_RNA_D_037_CCTAAGCGGT",1,0,0
"sci_RNA_D_037_TTGATATGAA",1,0,0
"sci_RNA_D_038_TTGATATGAA",1,0,0
"sci_RNA_D_039_TCTCTCATCC",1,0,0
"sci_RNA_D_040_GCGGTTATTG",1,0,0
"sci_RNA_D_041_ACTCGACGCC",1,0,0
"sci_RNA_D_041_GCGGTTATTG",1,0,0
"sci_RNA_D_041_GGCTGCCTTA",1,0,0
"sci_RNA_D_042_TCTCTCATCC",1,0,0
"sci_RNA_D_042_CTGGTTGGTT",1,0,0
"sci_RNA_D_042_GCGGTTATTG",1,0,0
"sci_RNA_D_042_GGCTGCCTTA",1,0,0
"sci_RNA_D_044_ACGCGCTCCT",1,0,0
"sci_RNA_D_045_CTGGTTGGTT",1,0,0
"sci_RNA_D_048_ATCTAGGTTC",1,0,0
"sci_RNA_D_048_ACGCGCTCCT",1,0,0
"sci_RNA_D_049_CCATCGGACC",1,0,0
"sci_RNA_D_050_ACGCGCTCCT",1,0,0
"sci_RNA_D_051_GATTCCGGAA",1,0,0
"sci_RNA_D_051_ATCTAGGTTC",1,0,0
"sci_RNA_D_052_GGCTGCCTTA",1,0,0
"sci_RNA_D_052_TTGATATGAA",1,0,0
"sci_RNA_D_054_TCTCTCATCC",1,0,0
"sci_RNA_D_054_ACTGGTAGAT",1,0,0
"sci_RNA_D_054_CCATCGGACC",1,0,0
"sci_RNA_D_055_ACTGGTAGAT",1,0,0
"sci_RNA_D_056_TTGATATGAA",1,0,0
"sci_RNA_D_057_ATCTAGGTTC",1,0,0
"sci_RNA_D_058_AAGCATCCTA",1,0,0
"sci_RNA_D_058_CCATCGGACC",1,0,0
"sci_RNA_D_060_ACTCGACGCC",1,0,0
"sci_RNA_D_060_ATCTAGGTTC",1,0,0
"sci_RNA_D_060_GACCAATGCG",1,0,0
"sci_RNA_D_061_GCGGTTATTG",1,0,0
"sci_RNA_D_061_TTGATATGAA",1,0,0
"sci_RNA_D_062_CTGGTTGGTT",1,0,0
"sci_RNA_D_062_GCGGTTATTG",1,0,0
"sci_RNA_D_062_CTTCATTAGA",1,0,0
"sci_RNA_D_063_GGCTGCCTTA",1,0,0
"sci_RNA_D_064_CCATCGGACC",1,0,0
"sci_RNA_D_065_GACCAATGCG",1,0,0
"sci_RNA_D_066_ACGTTGAATG",1,0,0
"sci_RNA_D_067_ACGTTGAATG",1,0,0
"sci_RNA_D_069_TCTCTCATCC",1,0,0
"sci_RNA_D_069_CCTAAGCGGT",1,0,0
"sci_RNA_D_070_ACTGGTAGAT",1,0,0
"sci_RNA_D_071_GATTCCGGAA",1,0,0
"sci_RNA_D_071_CCTAAGCGGT",1,0,0
"sci_RNA_D_072_ACTCGACGCC",1,0,0
"sci_RNA_D_073_ACGTTGAATG",1,0,0
"sci_RNA_D_074_TCTCTCATCC",1,0,0
"sci_RNA_D_074_ACGCGCTCCT",1,0,0
"sci_RNA_D_079_GCGGTTATTG",1,0,0
"sci_RNA_D_080_ACTGGTAGAT",1,0,0
"sci_RNA_D_080_GACCAATGCG",1,0,0
"sci_RNA_D_081_CCATCGGACC",1,0,0
"sci_RNA_D_081_ACGCGCTCCT",1,0,0
"sci_RNA_D_082_ACTGGTAGAT",1,0,0
"sci_RNA_D_083_CCATCGGACC",1,0,0
"sci_RNA_D_085_ATCTAGGTTC",1,0,0
"sci_RNA_D_088_CTGGTTGGTT",1,0,0
"sci_RNA_D_089_ACTGGTAGAT",1,0,0
"sci_RNA_D_089_GACCAATGCG",1,0,0
"sci_RNA_D_090_ACTCGACGCC",1,0,0
"sci_RNA_D_091_AAGCATCCTA",1,0,0
"sci_RNA_D_091_GATTCCGGAA",1,0,0
"sci_RNA_D_091_ACGCGCTCCT",1,0,0
"sci_RNA_D_092_ACTCGACGCC",1,0,0
"sci_RNA_D_092_GATTCCGGAA",1,0,0
"sci_RNA_D_092_GCGGTTATTG",1,0,0
"sci_RNA_D_092_GACCAATGCG",1,0,0
"sci_RNA_D_093_GGCTGCCTTA",1,0,0
"sci_RNA_D_094_GATTCCGGAA",1,0,0
"sci_RNA_D_095_ACTCGACGCC",1,0,0
"sci_RNA_E_001_GATTCCGGAA",1,0,0
"sci_RNA_E_002_GATTCCGGAA",1,0,0
"sci_RNA_E_003_GATTCCGGAA",1,0,0
"sci_RNA_E_003_ACGTTGAATG",1,0,0
"sci_RNA_E_004_TTGATATGAA",1,0,0
"sci_RNA_E_006_TCTCTCATCC",1,0,0
"sci_RNA_E_006_ACTGGTAGAT",1,0,0
"sci_RNA_E_007_ACTCGACGCC",1,0,0
"sci_RNA_E_007_ACTGGTAGAT",1,0,0
"sci_RNA_E_007_CCATCGGACC",1,0,0
"sci_RNA_E_007_TTGATATGAA",1,0,0
"sci_RNA_E_009_TTGATATGAA",1,0,0
"sci_RNA_E_011_GCGGTTATTG",1,0,0
"sci_RNA_E_011_ATCTAGGTTC",1,0,0
"sci_RNA_E_012_CTGGTTGGTT",1,0,0
"sci_RNA_E_012_GGCTGCCTTA",1,0,0
"sci_RNA_E_012_CCTAAGCGGT",1,0,0
"sci_RNA_E_013_TCTCTCATCC",1,0,0
"sci_RNA_E_013_CTGGTTGGTT",1,0,0
"sci_RNA_E_013_CCTAAGCGGT",1,0,0
"sci_RNA_E_014_AAGCATCCTA",1,0,0
"sci_RNA_E_014_ACTGGTAGAT",1,0,0
"sci_RNA_E_015_ACTCGACGCC",1,0,0
"sci_RNA_E_015_ACTGGTAGAT",1,0,0
"sci_RNA_E_016_ACTCGACGCC",1,0,0
"sci_RNA_E_017_TTGATATGAA",1,0,0
"sci_RNA_E_018_ACTCGACGCC",1,0,0
"sci_RNA_E_018_TTGATATGAA",1,0,0
"sci_RNA_E_019_GGCTGCCTTA",1,0,0
"sci_RNA_E_021_TTGATATGAA",1,0,0
"sci_RNA_E_022_CTGGTTGGTT",1,0,0
"sci_RNA_E_023_GATTCCGGAA",1,0,0
"sci_RNA_E_027_ACGTTGAATG",1,0,0
"sci_RNA_E_027_TTGATATGAA",1,0,0
"sci_RNA_E_028_GCGGTTATTG",1,0,0
"sci_RNA_E_028_ACGCGCTCCT",1,0,0
"sci_RNA_E_029_ACTCGACGCC",1,0,0
"sci_RNA_E_029_GGCTGCCTTA",1,0,0
"sci_RNA_E_029_ACTGGTAGAT",1,0,0
"sci_RNA_E_030_GCGGTTATTG",1,0,0
"sci_RNA_E_031_GGCTGCCTTA",1,0,0
"sci_RNA_E_031_ACGCGCTCCT",1,0,0
"sci_RNA_E_032_ATCTAGGTTC",1,0,0
"sci_RNA_E_033_CTGGTTGGTT",1,0,0
"sci_RNA_E_034_ACTCGACGCC",1,0,0
"sci_RNA_E_034_TCTCTCATCC",1,0,0
"sci_RNA_E_035_ACTCGACGCC",1,0,0
"sci_RNA_E_036_ACGCGCTCCT",1,0,0
"sci_RNA_E_037_ACTCGACGCC",1,0,0
"sci_RNA_E_037_ACTGGTAGAT",1,0,0
"sci_RNA_E_038_TCTCTCATCC",1,0,0
"sci_RNA_E_038_ATCTAGGTTC",1,0,0
"sci_RNA_E_038_TTGATATGAA",1,0,0
"sci_RNA_E_040_TTGATATGAA",1,0,0
"sci_RNA_E_045_ACTCGACGCC",1,0,0
"sci_RNA_E_046_CCATCGGACC",1,0,0
"sci_RNA_E_048_ACGCGCTCCT",1,0,0
"sci_RNA_E_050_AAGCATCCTA",1,0,0
"sci_RNA_E_053_CTGGTTGGTT",1,0,0
"sci_RNA_E_054_AAGCATCCTA",1,0,0
"sci_RNA_E_054_CCTAAGCGGT",1,0,0
"sci_RNA_E_055_GATTCCGGAA",1,0,0
"sci_RNA_E_055_GCGGTTATTG",1,0,0
"sci_RNA_E_055_ACTGGTAGAT",1,0,0
"sci_RNA_E_055_CCTAAGCGGT",1,0,0
"sci_RNA_E_056_ACGTTGAATG",1,0,0
"sci_RNA_E_056_ATCTAGGTTC",1,0,0
"sci_RNA_E_056_CCATCGGACC",1,0,0
"sci_RNA_E_058_GGCTGCCTTA",1,0,0
"sci_RNA_E_058_CCATCGGACC",1,0,0
"sci_RNA_E_059_ACTCGACGCC",1,0,0
"sci_RNA_E_059_GGCTGCCTTA",1,0,0
"sci_RNA_E_059_ATCTAGGTTC",1,0,0
"sci_RNA_E_060_AAGCATCCTA",1,0,0
"sci_RNA_E_060_GATTCCGGAA",1,0,0
"sci_RNA_E_060_GCGGTTATTG",1,0,0
"sci_RNA_E_061_AAGCATCCTA",1,0,0
"sci_RNA_E_061_GCGGTTATTG",1,0,0
"sci_RNA_E_061_ATCTAGGTTC",1,0,0
"sci_RNA_E_061_ACGCGCTCCT",1,0,0
"sci_RNA_E_062_ACTCGACGCC",1,0,0
"sci_RNA_E_062_TCTCTCATCC",1,0,0
"sci_RNA_E_062_ACTGGTAGAT",1,0,0
"sci_RNA_E_064_GATTCCGGAA",1,0,0
"sci_RNA_E_064_GACCAATGCG",1,0,0
"sci_RNA_E_065_CCTAAGCGGT",1,0,0
"sci_RNA_E_066_ACTGGTAGAT",1,0,0
"sci_RNA_E_067_ACTCGACGCC",1,0,0
"sci_RNA_E_069_ACGTTGAATG",1,0,0
"sci_RNA_E_070_CCTAAGCGGT",1,0,0
"sci_RNA_E_070_CCATCGGACC",1,0,0
"sci_RNA_E_070_ACGCGCTCCT",1,0,0
"sci_RNA_E_070_TTGATATGAA",1,0,0
"sci_RNA_E_071_CTGGTTGGTT",1,0,0
"sci_RNA_E_071_CTTCATTAGA",1,0,0
"sci_RNA_E_072_ACTGGTAGAT",1,0,0
"sci_RNA_E_072_CTTCATTAGA",1,0,0
"sci_RNA_E_073_ATCTAGGTTC",1,0,0
"sci_RNA_E_074_ACTGGTAGAT",1,0,0
"sci_RNA_E_075_GCGGTTATTG",1,0,0
"sci_RNA_E_075_GGCTGCCTTA",1,0,0
"sci_RNA_E_076_TCTCTCATCC",1,0,0
"sci_RNA_E_076_TTGATATGAA",1,0,0
"sci_RNA_E_077_GGCTGCCTTA",1,0,0
"sci_RNA_E_077_GACCAATGCG",1,0,0
"sci_RNA_E_078_CTGGTTGGTT",1,0,0
"sci_RNA_E_080_CCTAAGCGGT",1,0,0
"sci_RNA_E_080_ACGCGCTCCT",1,0,0
"sci_RNA_E_081_TCTCTCATCC",1,0,0
"sci_RNA_E_081_ACTGGTAGAT",1,0,0
"sci_RNA_E_083_GATTCCGGAA",1,0,0
"sci_RNA_E_083_GGCTGCCTTA",1,0,0
"sci_RNA_E_083_CTTCATTAGA",1,0,0
"sci_RNA_E_084_GGCTGCCTTA",1,0,0
"sci_RNA_E_087_GATTCCGGAA",1,0,0
"sci_RNA_E_087_GGCTGCCTTA",1,0,0
"sci_RNA_E_087_ACGTTGAATG",1,0,0
"sci_RNA_E_088_CTGGTTGGTT",1,0,0
"sci_RNA_E_088_GCGGTTATTG",1,0,0
"sci_RNA_E_090_GATTCCGGAA",1,0,0
"sci_RNA_E_092_ACTCGACGCC",1,0,0
"sci_RNA_E_092_ACTGGTAGAT",1,0,0
"sci_RNA_E_093_CTTCATTAGA",1,0,0
"sci_RNA_E_096_TCTCTCATCC",1,0,0
"sci_RNA_A_002_AATCCGGTCA",0,1,0
"sci_RNA_A_002_TTCGCTGCCT",0,1,0
"sci_RNA_A_003_GGATTCTATC",0,1,0
"sci_RNA_A_003_TTCTATAGAG",0,1,0
"sci_RNA_A_003_TTCTCTACTA",0,1,0
"sci_RNA_A_005_CTATTAACCA",0,1,0
"sci_RNA_A_005_ACTCTACTGG",0,1,0
"sci_RNA_A_006_AGCGATCCGC",0,1,0
"sci_RNA_A_006_TTGCAGCATT",0,1,0
"sci_RNA_A_006_TCTAGTCAAG",0,1,0
"sci_RNA_A_007_CCTATCATAA",0,1,0
"sci_RNA_A_007_TAGAATAGCC",0,1,0
"sci_RNA_A_008_GGATTCTATC",0,1,0
"sci_RNA_A_008_AGGTAGAGCT",0,1,0
"sci_RNA_A_009_CCTATCATAA",0,1,0
"sci_RNA_A_009_TTCTATAGAG",0,1,0
"sci_RNA_A_010_AATCCGGTCA",0,1,0
"sci_RNA_A_010_GGACGACGCA",0,1,0
"sci_RNA_A_011_AGCGATCCGC",0,1,0
"sci_RNA_A_011_TTCGCTGCCT",0,1,0
"sci_RNA_A_013_AGCGATCCGC",0,1,0
"sci_RNA_A_013_ACGGAGAATA",0,1,0
"sci_RNA_A_014_CCTATCATAA",0,1,0
"sci_RNA_A_014_GGATTCTATC",0,1,0
"sci_RNA_A_014_ACTCTACTGG",0,1,0
"sci_RNA_A_015_GGCATCTACC",0,1,0
"sci_RNA_A_015_AATCGAACTC",0,1,0
"sci_RNA_A_015_CGTCTATGAA",0,1,0
"sci_RNA_A_015_TTCGCTGCCT",0,1,0
"sci_RNA_A_015_GGCTTCTGGA",0,1,0
"sci_RNA_A_016_GGCATCTACC",0,1,0
"sci_RNA_A_016_AATCCGGTCA",0,1,0
"sci_RNA_A_016_CTATTAACCA",0,1,0
"sci_RNA_A_018_AGCGATCCGC",0,1,0
"sci_RNA_A_019_TTCTATAGAG",0,1,0
"sci_RNA_A_019_CTATTAACCA",0,1,0
"sci_RNA_A_019_TTCGCTGCCT",0,1,0
"sci_RNA_A_020_ACGGAGAATA",0,1,0
"sci_RNA_A_020_AGGTAGAGCT",0,1,0
"sci_RNA_A_021_CGTCTATGAA",0,1,0
"sci_RNA_A_021_GTAGATGCGC",0,1,0
"sci_RNA_A_021_GGACGACGCA",0,1,0
"sci_RNA_A_022_CCTATCATAA",0,1,0
"sci_RNA_A_022_TTCTCTACTA",0,1,0
"sci_RNA_A_023_CCAGGCTCTT",0,1,0
"sci_RNA_A_023_AATCGAACTC",0,1,0
"sci_RNA_A_023_CTGAAGAGAC",0,1,0
"sci_RNA_A_023_CGTCTATGAA",0,1,0
"sci_RNA_A_023_TAGAATAGCC",0,1,0
"sci_RNA_A_024_ACTCTACTGG",0,1,0
"sci_RNA_A_025_GGATTCTATC",0,1,0
"sci_RNA_A_025_TTCTATAGAG",0,1,0
"sci_RNA_A_025_ACTCTACTGG",0,1,0
"sci_RNA_A_026_AGCGATCCGC",0,1,0
"sci_RNA_A_026_GGCATCTACC",0,1,0
"sci_RNA_A_027_CGTCTATGAA",0,1,0
"sci_RNA_A_028_AGCGATCCGC",0,1,0
"sci_RNA_A_028_ACTCTACTGG",0,1,0
"sci_RNA_A_029_AGGTAGAGCT",0,1,0
"sci_RNA_A_029_GTAGATGCGC",0,1,0
"sci_RNA_A_030_GGATTCTATC",0,1,0
"sci_RNA_A_030_CTATTAACCA",0,1,0
"sci_RNA_A_030_TAGAATAGCC",0,1,0
"sci_RNA_A_031_AATCGAACTC",0,1,0
"sci_RNA_A_032_ACGGAGAATA",0,1,0
"sci_RNA_A_034_CTGAAGAGAC",0,1,0
"sci_RNA_A_035_TTCGCTGCCT",0,1,0
"sci_RNA_A_035_GGACGACGCA",0,1,0
"sci_RNA_A_036_CGTCTATGAA",0,1,0
"sci_RNA_A_036_AGGTAGAGCT",0,1,0
"sci_RNA_A_037_AATCCGGTCA",0,1,0
"sci_RNA_A_037_ACTCTACTGG",0,1,0
"sci_RNA_A_039_AGCGATCCGC",0,1,0
"sci_RNA_A_039_AATCCGGTCA",0,1,0
"sci_RNA_A_039_CTGAAGAGAC",0,1,0
"sci_RNA_A_039_CGTCTATGAA",0,1,0
"sci_RNA_A_039_TTCGCTGCCT",0,1,0
"sci_RNA_A_040_TTCTATAGAG",0,1,0
"sci_RNA_A_041_CCAGGCTCTT",0,1,0
"sci_RNA_A_041_CTGAAGAGAC",0,1,0
"sci_RNA_A_042_ACGGAGAATA",0,1,0
"sci_RNA_A_042_GGATTCTATC",0,1,0
"sci_RNA_A_042_TTCTATAGAG",0,1,0
"sci_RNA_A_043_TAGAATAGCC",0,1,0
"sci_RNA_A_044_AATCGAACTC",0,1,0
"sci_RNA_A_044_CGTCTATGAA",0,1,0
"sci_RNA_A_046_ACGGAGAATA",0,1,0
"sci_RNA_A_046_CCAGGCTCTT",0,1,0
"sci_RNA_A_047_ACGGAGAATA",0,1,0
"sci_RNA_A_047_GGCTTCTGGA",0,1,0
"sci_RNA_A_047_TTGCAGCATT",0,1,0
"sci_RNA_A_048_AGCGATCCGC",0,1,0
"sci_RNA_A_048_CCAGGCTCTT",0,1,0
"sci_RNA_A_048_AATCGAACTC",0,1,0
"sci_RNA_A_048_AATCCGGTCA",0,1,0
"sci_RNA_A_048_TTCTCTACTA",0,1,0
"sci_RNA_A_048_TAGAATAGCC",0,1,0
"sci_RNA_A_048_GGACGACGCA",0,1,0
"sci_RNA_A_049_AGCGATCCGC",0,1,0
"sci_RNA_A_050_CCTATCATAA",0,1,0
"sci_RNA_A_050_CTGAAGAGAC",0,1,0
"sci_RNA_A_051_CGTCTATGAA",0,1,0
"sci_RNA_A_052_TTCGCTGCCT",0,1,0
"sci_RNA_A_053_CTATTAACCA",0,1,0
"sci_RNA_A_054_CGTCTATGAA",0,1,0
"sci_RNA_A_054_TTGCAGCATT",0,1,0
"sci_RNA_A_054_TCTAGTCAAG",0,1,0
"sci_RNA_A_055_TTCTATAGAG",0,1,0
"sci_RNA_A_055_AATCCGGTCA",0,1,0
"sci_RNA_A_055_CGTCTATGAA",0,1,0
"sci_RNA_A_056_CTATTAACCA",0,1,0
"sci_RNA_A_056_ACTCTACTGG",0,1,0
"sci_RNA_A_057_AATCGAACTC",0,1,0
"sci_RNA_A_058_CGTCTATGAA",0,1,0
"sci_RNA_A_059_TTCTATAGAG",0,1,0
"sci_RNA_A_060_CCTATCATAA",0,1,0
"sci_RNA_A_060_ACGGAGAATA",0,1,0
"sci_RNA_A_060_TTCTATAGAG",0,1,0
"sci_RNA_A_060_AATCGAACTC",0,1,0
"sci_RNA_A_060_CTATTAACCA",0,1,0
"sci_RNA_A_060_TCTAGTCAAG",0,1,0
"sci_RNA_A_061_ACGGAGAATA",0,1,0
"sci_RNA_A_061_AATCGAACTC",0,1,0
"sci_RNA_A_062_AGCGATCCGC",0,1,0
"sci_RNA_A_062_CGTCTATGAA",0,1,0
"sci_RNA_A_062_TTCTCTACTA",0,1,0
"sci_RNA_A_063_GGCATCTACC",0,1,0
"sci_RNA_A_063_CCAGGCTCTT",0,1,0
"sci_RNA_A_063_CCGCGCAGGT",0,1,0
"sci_RNA_A_064_CCAGGCTCTT",0,1,0
"sci_RNA_A_064_TTCTATAGAG",0,1,0
"sci_RNA_A_065_TTCTATAGAG",0,1,0
"sci_RNA_A_065_TTCTCTACTA",0,1,0
"sci_RNA_A_065_ACTCTACTGG",0,1,0
"sci_RNA_A_065_TCTAGTCAAG",0,1,0
"sci_RNA_A_066_CGTCTATGAA",0,1,0
"sci_RNA_A_066_TAGAATAGCC",0,1,0
"sci_RNA_A_067_CCTGAGAGCA",0,1,0
"sci_RNA_A_068_AGCGATCCGC",0,1,0
"sci_RNA_A_068_CCAGGCTCTT",0,1,0
"sci_RNA_A_068_CTATTAACCA",0,1,0
"sci_RNA_A_068_TTGCAGCATT",0,1,0
"sci_RNA_A_069_AGCGATCCGC",0,1,0
"sci_RNA_A_069_AATCCGGTCA",0,1,0
"sci_RNA_A_069_CCTGAGAGCA",0,1,0
"sci_RNA_A_070_GGCATCTACC",0,1,0
"sci_RNA_A_070_CGTCTATGAA",0,1,0
"sci_RNA_A_070_TTCGCTGCCT",0,1,0
"sci_RNA_A_070_TTGCAGCATT",0,1,0
"sci_RNA_A_071_CTGAAGAGAC",0,1,0
"sci_RNA_A_072_CCAGGCTCTT",0,1,0
"sci_RNA_A_072_CTATTAACCA",0,1,0
"sci_RNA_A_073_GGACGACGCA",0,1,0
"sci_RNA_A_074_GGATTCTATC",0,1,0
"sci_RNA_A_074_CTATTAACCA",0,1,0
"sci_RNA_A_074_TCTAGTCAAG",0,1,0
"sci_RNA_A_075_ACGGAGAATA",0,1,0
"sci_RNA_A_075_TAGAATAGCC",0,1,0
"sci_RNA_A_076_ACGGAGAATA",0,1,0
"sci_RNA_A_076_AGGTAGAGCT",0,1,0
"sci_RNA_A_077_AGGTAGAGCT",0,1,0
"sci_RNA_A_077_ACTCTACTGG",0,1,0
"sci_RNA_A_077_TAGAATAGCC",0,1,0
"sci_RNA_A_078_AGCGATCCGC",0,1,0
"sci_RNA_A_078_GGCATCTACC",0,1,0
"sci_RNA_A_078_GGACGACGCA",0,1,0
"sci_RNA_A_079_GGACGACGCA",0,1,0
"sci_RNA_A_081_CCTATCATAA",0,1,0
"sci_RNA_A_081_CCAGGCTCTT",0,1,0
"sci_RNA_A_082_CCTATCATAA",0,1,0
"sci_RNA_A_082_CCAGGCTCTT",0,1,0
"sci_RNA_A_082_TTCTCTACTA",0,1,0
"sci_RNA_A_082_GTAGATGCGC",0,1,0
"sci_RNA_A_083_CCTATCATAA",0,1,0
"sci_RNA_A_083_CGTCTATGAA",0,1,0
"sci_RNA_A_083_TTCGCTGCCT",0,1,0
"sci_RNA_A_084_TTCTATAGAG",0,1,0
"sci_RNA_A_084_TAGAATAGCC",0,1,0
"sci_RNA_A_085_AGCGATCCGC",0,1,0
"sci_RNA_A_085_CCTATCATAA",0,1,0
"sci_RNA_A_085_TTCTATAGAG",0,1,0
"sci_RNA_A_085_CCTGAGAGCA",0,1,0
"sci_RNA_A_085_TCTAGTCAAG",0,1,0
"sci_RNA_A_086_TTGCAGCATT",0,1,0
"sci_RNA_A_087_AGCGATCCGC",0,1,0
"sci_RNA_A_087_ACGGAGAATA",0,1,0
"sci_RNA_A_088_GGCATCTACC",0,1,0
"sci_RNA_A_089_CGTCTATGAA",0,1,0
"sci_RNA_A_089_TTCTCTACTA",0,1,0
"sci_RNA_A_090_ACGGAGAATA",0,1,0
"sci_RNA_A_090_GGATTCTATC",0,1,0
"sci_RNA_A_090_CTGAAGAGAC",0,1,0
"sci_RNA_A_090_GGACGACGCA",0,1,0
"sci_RNA_A_092_TTCTCTACTA",0,1,0
"sci_RNA_A_093_CCTATCATAA",0,1,0
"sci_RNA_A_093_ACGGAGAATA",0,1,0
"sci_RNA_A_093_GGCTTCTGGA",0,1,0
"sci_RNA_A_094_GTAGATGCGC",0,1,0
"sci_RNA_A_095_CCTATCATAA",0,1,0
"sci_RNA_A_095_AATCGAACTC",0,1,0
"sci_RNA_A_095_TCTAGTCAAG",0,1,0
"sci_RNA_A_096_CTGAAGAGAC",0,1,0
"sci_RNA_B_001_TTCTCTACTA",0,1,0
"sci_RNA_B_002_GGCATCTACC",0,1,0
"sci_RNA_B_002_AATCCGGTCA",0,1,0
"sci_RNA_B_002_CGTCTATGAA",0,1,0
"sci_RNA_B_003_CCAGGCTCTT",0,1,0
"sci_RNA_B_003_TTCTATAGAG",0,1,0
"sci_RNA_B_004_GGATTCTATC",0,1,0
"sci_RNA_B_004_TAGAATAGCC",0,1,0
"sci_RNA_B_005_CCTATCATAA",0,1,0
"sci_RNA_B_005_CGTCTATGAA",0,1,0
"sci_RNA_B_005_TTGCAGCATT",0,1,0
"sci_RNA_B_005_TCTAGTCAAG",0,1,0
"sci_RNA_B_006_CCTATCATAA",0,1,0
"sci_RNA_B_006_ACGGAGAATA",0,1,0
"sci_RNA_B_006_CCTGAGAGCA",0,1,0
"sci_RNA_B_007_CGTCTATGAA",0,1,0
"sci_RNA_B_008_TTCTATAGAG",0,1,0
"sci_RNA_B_008_AATCCGGTCA",0,1,0
"sci_RNA_B_010_CGTCTATGAA",0,1,0
"sci_RNA_B_011_GGATTCTATC",0,1,0
"sci_RNA_B_011_GTAGATGCGC",0,1,0
"sci_RNA_B_011_ACTCTACTGG",0,1,0
"sci_RNA_B_011_TAGAATAGCC",0,1,0
"sci_RNA_B_012_CCTATCATAA",0,1,0
"sci_RNA_B_012_AATCGAACTC",0,1,0
"sci_RNA_B_012_CGTCTATGAA",0,1,0
"sci_RNA_B_012_GGACGACGCA",0,1,0
"sci_RNA_B_013_AGCGATCCGC",0,1,0
"sci_RNA_B_013_CCTATCATAA",0,1,0
"sci_RNA_B_013_CTGAAGAGAC",0,1,0
"sci_RNA_B_013_TTGCAGCATT",0,1,0
"sci_RNA_B_013_TCTAGTCAAG",0,1,0
"sci_RNA_B_014_TTCTCTACTA",0,1,0
"sci_RNA_B_014_GGCTTCTGGA",0,1,0
"sci_RNA_B_016_GGATTCTATC",0,1,0
"sci_RNA_B_016_CTGAAGAGAC",0,1,0
"sci_RNA_B_016_TCTAGTCAAG",0,1,0
"sci_RNA_B_018_CCAGGCTCTT",0,1,0
"sci_RNA_B_018_AATCGAACTC",0,1,0
"sci_RNA_B_018_TTCGCTGCCT",0,1,0
"sci_RNA_B_019_ACGGAGAATA",0,1,0
"sci_RNA_B_019_GGCTTCTGGA",0,1,0
"sci_RNA_B_019_CCGCGCAGGT",0,1,0
"sci_RNA_B_020_CGTCTATGAA",0,1,0
"sci_RNA_B_020_TTCGCTGCCT",0,1,0
"sci_RNA_B_020_GTAGATGCGC",0,1,0
"sci_RNA_B_020_TCTAGTCAAG",0,1,0
"sci_RNA_B_021_CCAGGCTCTT",0,1,0
"sci_RNA_B_021_TTCTCTACTA",0,1,0
"sci_RNA_B_022_TCTAGTCAAG",0,1,0
"sci_RNA_B_022_CCGCGCAGGT",0,1,0
"sci_RNA_B_024_AGCGATCCGC",0,1,0
"sci_RNA_B_024_ACGGAGAATA",0,1,0
"sci_RNA_B_025_TTCTATAGAG",0,1,0
"sci_RNA_B_025_CTATTAACCA",0,1,0
"sci_RNA_B_025_TCTAGTCAAG",0,1,0
"sci_RNA_B_026_TTCTATAGAG",0,1,0
"sci_RNA_B_026_CTATTAACCA",0,1,0
"sci_RNA_B_026_TTGCAGCATT",0,1,0
"sci_RNA_B_026_GGACGACGCA",0,1,0
"sci_RNA_B_027_CCAGGCTCTT",0,1,0
"sci_RNA_B_028_TTCTATAGAG",0,1,0
"sci_RNA_B_028_AATCCGGTCA",0,1,0
"sci_RNA_B_028_CGTCTATGAA",0,1,0
"sci_RNA_B_028_GTAGATGCGC",0,1,0
"sci_RNA_B_029_TTCTATAGAG",0,1,0
"sci_RNA_B_029_GTAGATGCGC",0,1,0
"sci_RNA_B_031_ACGGAGAATA",0,1,0
"sci_RNA_B_032_TTCTATAGAG",0,1,0
"sci_RNA_B_032_TTCTCTACTA",0,1,0
"sci_RNA_B_033_CTATTAACCA",0,1,0
"sci_RNA_B_034_GGCTTCTGGA",0,1,0
"sci_RNA_B_034_GGACGACGCA",0,1,0
"sci_RNA_B_035_TTCTATAGAG",0,1,0
"sci_RNA_B_035_CGTCTATGAA",0,1,0
"sci_RNA_B_035_TTCTCTACTA",0,1,0
"sci_RNA_B_036_AATCCGGTCA",0,1,0
"sci_RNA_B_036_AGGTAGAGCT",0,1,0
"sci_RNA_B_036_TTGCAGCATT",0,1,0
"sci_RNA_B_037_ACGGAGAATA",0,1,0
"sci_RNA_B_037_GGCATCTACC",0,1,0
"sci_RNA_B_037_ACTCTACTGG",0,1,0
"sci_RNA_B_038_AGGTAGAGCT",0,1,0
"sci_RNA_B_038_TTCGCTGCCT",0,1,0
"sci_RNA_B_039_CTATTAACCA",0,1,0
"sci_RNA_B_039_CGTCTATGAA",0,1,0
"sci_RNA_B_039_GGCTTCTGGA",0,1,0
"sci_RNA_B_040_TTCGCTGCCT",0,1,0
"sci_RNA_B_040_GGACGACGCA",0,1,0
"sci_RNA_B_042_CCTATCATAA",0,1,0
"sci_RNA_B_042_TTCGCTGCCT",0,1,0
"sci_RNA_B_042_TAGAATAGCC",0,1,0
"sci_RNA_B_042_CCTGAGAGCA",0,1,0
"sci_RNA_B_042_TCTAGTCAAG",0,1,0
"sci_RNA_B_043_CGTCTATGAA",0,1,0
"sci_RNA_B_043_TTCTCTACTA",0,1,0
"sci_RNA_B_044_GGATTCTATC",0,1,0
"sci_RNA_B_044_CGTCTATGAA",0,1,0
"sci_RNA_B_044_TTCGCTGCCT",0,1,0
"sci_RNA_B_044_CCGCGCAGGT",0,1,0
"sci_RNA_B_045_AATCGAACTC",0,1,0
"sci_RNA_B_045_TTGCAGCATT",0,1,0
"sci_RNA_B_046_CTATTAACCA",0,1,0
"sci_RNA_B_046_TTGCAGCATT",0,1,0
"sci_RNA_B_047_TTCTATAGAG",0,1,0
"sci_RNA_B_047_CTATTAACCA",0,1,0
"sci_RNA_B_048_ACGGAGAATA",0,1,0
"sci_RNA_B_048_AATCGAACTC",0,1,0
"sci_RNA_B_048_CTATTAACCA",0,1,0
"sci_RNA_B_048_AGGTAGAGCT",0,1,0
"sci_RNA_B_048_TTCTCTACTA",0,1,0
"sci_RNA_B_048_CCTGAGAGCA",0,1,0
"sci_RNA_B_049_ACGGAGAATA",0,1,0
"sci_RNA_B_049_TTCTATAGAG",0,1,0
"sci_RNA_B_049_CTATTAACCA",0,1,0
"sci_RNA_B_049_TTCGCTGCCT",0,1,0
"sci_RNA_B_049_TTCTCTACTA",0,1,0
"sci_RNA_B_049_TCTAGTCAAG",0,1,0
"sci_RNA_B_050_CTATTAACCA",0,1,0
"sci_RNA_B_050_CTGAAGAGAC",0,1,0
"sci_RNA_B_051_ACGGAGAATA",0,1,0
"sci_RNA_B_052_AGCGATCCGC",0,1,0
"sci_RNA_B_052_GGCATCTACC",0,1,0
"sci_RNA_B_052_TTCTATAGAG",0,1,0
"sci_RNA_B_052_GGACGACGCA",0,1,0
"sci_RNA_B_052_CCGCGCAGGT",0,1,0
"sci_RNA_B_054_AATCGAACTC",0,1,0
"sci_RNA_B_054_CGTCTATGAA",0,1,0
"sci_RNA_B_055_GGCATCTACC",0,1,0
"sci_RNA_B_055_CGTCTATGAA",0,1,0
"sci_RNA_B_056_TTCTATAGAG",0,1,0
"sci_RNA_B_056_CTATTAACCA",0,1,0
"sci_RNA_B_056_GTAGATGCGC",0,1,0
"sci_RNA_B_058_CCTATCATAA",0,1,0
"sci_RNA_B_059_GGCATCTACC",0,1,0
"sci_RNA_B_059_AATCGAACTC",0,1,0
"sci_RNA_B_059_TTGCAGCATT",0,1,0
"sci_RNA_B_060_CCTATCATAA",0,1,0
"sci_RNA_B_060_AATCGAACTC",0,1,0
"sci_RNA_B_061_ACTCTACTGG",0,1,0
"sci_RNA_B_061_CCGCGCAGGT",0,1,0
"sci_RNA_B_062_ACGGAGAATA",0,1,0
"sci_RNA_B_062_AATCCGGTCA",0,1,0
"sci_RNA_B_062_CTATTAACCA",0,1,0
"sci_RNA_B_062_TTGCAGCATT",0,1,0
"sci_RNA_B_062_TCTAGTCAAG",0,1,0
"sci_RNA_B_063_AGCGATCCGC",0,1,0
"sci_RNA_B_063_TTGCAGCATT",0,1,0
"sci_RNA_B_064_AGCGATCCGC",0,1,0
"sci_RNA_C_001_ACGGAGAATA",0,1,0
"sci_RNA_C_001_CCAGGCTCTT",0,1,0
"sci_RNA_C_003_GGCTTCTGGA",0,1,0
"sci_RNA_C_004_AGCGATCCGC",0,1,0
"sci_RNA_C_004_CCTATCATAA",0,1,0
"sci_RNA_C_004_ACGGAGAATA",0,1,0
"sci_RNA_C_004_CTATTAACCA",0,1,0
"sci_RNA_C_004_TTCGCTGCCT",0,1,0
"sci_RNA_C_004_GGCTTCTGGA",0,1,0
"sci_RNA_C_004_TCTAGTCAAG",0,1,0
"sci_RNA_C_005_AATCCGGTCA",0,1,0
"sci_RNA_C_006_ACGGAGAATA",0,1,0
"sci_RNA_C_006_TTCGCTGCCT",0,1,0
"sci_RNA_C_006_TTGCAGCATT",0,1,0
"sci_RNA_C_007_TTCTATAGAG",0,1,0
"sci_RNA_C_007_AATCCGGTCA",0,1,0
"sci_RNA_C_008_GGCATCTACC",0,1,0
"sci_RNA_C_009_ACTCTACTGG",0,1,0
"sci_RNA_C_010_TTCTATAGAG",0,1,0
"sci_RNA_C_010_GTAGATGCGC",0,1,0
"sci_RNA_C_011_ACGGAGAATA",0,1,0
"sci_RNA_C_011_AATCCGGTCA",0,1,0
"sci_RNA_C_012_ACGGAGAATA",0,1,0
"sci_RNA_C_012_ACTCTACTGG",0,1,0
"sci_RNA_C_013_TTCGCTGCCT",0,1,0
"sci_RNA_C_013_GGCTTCTGGA",0,1,0
"sci_RNA_C_013_ACTCTACTGG",0,1,0
"sci_RNA_C_014_AATCGAACTC",0,1,0
"sci_RNA_C_014_AATCCGGTCA",0,1,0
"sci_RNA_C_014_ACTCTACTGG",0,1,0
"sci_RNA_C_014_TCTAGTCAAG",0,1,0
"sci_RNA_C_015_CCAGGCTCTT",0,1,0
"sci_RNA_C_015_TTCTATAGAG",0,1,0
"sci_RNA_C_015_CTATTAACCA",0,1,0
"sci_RNA_C_015_ACTCTACTGG",0,1,0
"sci_RNA_C_016_ACGGAGAATA",0,1,0
"sci_RNA_C_016_AATCCGGTCA",0,1,0
"sci_RNA_C_016_GGCTTCTGGA",0,1,0
"sci_RNA_C_016_TCTAGTCAAG",0,1,0
"sci_RNA_C_017_TTCTATAGAG",0,1,0
"sci_RNA_C_017_AATCGAACTC",0,1,0
"sci_RNA_C_017_TTGCAGCATT",0,1,0
"sci_RNA_C_018_TTCTATAGAG",0,1,0
"sci_RNA_C_018_TTCTCTACTA",0,1,0
"sci_RNA_C_019_AATCCGGTCA",0,1,0
"sci_RNA_C_019_CGTCTATGAA",0,1,0
"sci_RNA_C_019_TCTAGTCAAG",0,1,0
"sci_RNA_C_020_AATCGAACTC",0,1,0
"sci_RNA_C_020_TTCTCTACTA",0,1,0
"sci_RNA_C_021_ACGGAGAATA",0,1,0
"sci_RNA_C_021_TTCGCTGCCT",0,1,0
"sci_RNA_C_021_TTGCAGCATT",0,1,0
"sci_RNA_C_021_TAGAATAGCC",0,1,0
"sci_RNA_C_022_CGTCTATGAA",0,1,0
"sci_RNA_C_023_CCTGAGAGCA",0,1,0
"sci_RNA_C_024_GGATTCTATC",0,1,0
"sci_RNA_C_025_TCTAGTCAAG",0,1,0
"sci_RNA_C_026_CCTATCATAA",0,1,0
"sci_RNA_C_026_AGGTAGAGCT",0,1,0
"sci_RNA_C_026_TAGAATAGCC",0,1,0
"sci_RNA_C_026_GGACGACGCA",0,1,0
"sci_RNA_C_027_GGCATCTACC",0,1,0
"sci_RNA_C_027_CGTCTATGAA",0,1,0
"sci_RNA_C_028_CCTATCATAA",0,1,0
"sci_RNA_C_028_ACGGAGAATA",0,1,0
"sci_RNA_C_028_AATCGAACTC",0,1,0
"sci_RNA_C_028_TAGAATAGCC",0,1,0
"sci_RNA_C_029_AATCCGGTCA",0,1,0
"sci_RNA_C_029_CTATTAACCA",0,1,0
"sci_RNA_C_029_ACTCTACTGG",0,1,0
"sci_RNA_C_030_CCTATCATAA",0,1,0
"sci_RNA_C_030_CCAGGCTCTT",0,1,0
"sci_RNA_C_030_GTAGATGCGC",0,1,0
"sci_RNA_C_031_TTCTATAGAG",0,1,0
"sci_RNA_C_031_AATCCGGTCA",0,1,0
"sci_RNA_C_031_TAGAATAGCC",0,1,0
"sci_RNA_C_032_CTATTAACCA",0,1,0
"sci_RNA_C_033_ACTCTACTGG",0,1,0
"sci_RNA_C_033_TAGAATAGCC",0,1,0
"sci_RNA_C_034_CCTATCATAA",0,1,0
"sci_RNA_C_034_TTCGCTGCCT",0,1,0
"sci_RNA_C_035_CCAGGCTCTT",0,1,0
"sci_RNA_C_036_GTAGATGCGC",0,1,0
"sci_RNA_C_036_TTGCAGCATT",0,1,0
"sci_RNA_C_037_GGCATCTACC",0,1,0
"sci_RNA_C_038_ACGGAGAATA",0,1,0
"sci_RNA_C_038_ACTCTACTGG",0,1,0
"sci_RNA_C_038_CCGCGCAGGT",0,1,0
"sci_RNA_C_039_GGATTCTATC",0,1,0
"sci_RNA_C_039_TTCGCTGCCT",0,1,0
"sci_RNA_C_040_GGATTCTATC",0,1,0
"sci_RNA_C_040_CTATTAACCA",0,1,0
"sci_RNA_C_040_TTGCAGCATT",0,1,0
"sci_RNA_C_041_AATCCGGTCA",0,1,0
"sci_RNA_C_041_CGTCTATGAA",0,1,0
"sci_RNA_C_042_AGCGATCCGC",0,1,0
"sci_RNA_C_042_ACGGAGAATA",0,1,0
"sci_RNA_C_042_CCAGGCTCTT",0,1,0
"sci_RNA_C_042_CCGCGCAGGT",0,1,0
"sci_RNA_C_043_AGCGATCCGC",0,1,0
"sci_RNA_C_043_GTAGATGCGC",0,1,0
"sci_RNA_C_043_CCTGAGAGCA",0,1,0
"sci_RNA_C_044_CCTATCATAA",0,1,0
"sci_RNA_C_044_CGTCTATGAA",0,1,0
"sci_RNA_C_045_CTATTAACCA",0,1,0
"sci_RNA_C_045_TTGCAGCATT",0,1,0
"sci_RNA_C_045_TCTAGTCAAG",0,1,0
"sci_RNA_C_046_CGTCTATGAA",0,1,0
"sci_RNA_C_046_TTCTCTACTA",0,1,0
"sci_RNA_C_047_CGTCTATGAA",0,1,0
"sci_RNA_C_048_TTGCAGCATT",0,1,0
"sci_RNA_C_050_GGCATCTACC",0,1,0
"sci_RNA_C_050_AATCCGGTCA",0,1,0
"sci_RNA_C_050_ACTCTACTGG",0,1,0
"sci_RNA_C_051_GGATTCTATC",0,1,0
"sci_RNA_C_051_TTCTATAGAG",0,1,0
"sci_RNA_C_051_CGTCTATGAA",0,1,0
"sci_RNA_C_051_GGCTTCTGGA",0,1,0
"sci_RNA_C_052_GGCTTCTGGA",0,1,0
"sci_RNA_C_052_GTAGATGCGC",0,1,0
"sci_RNA_C_054_CTATTAACCA",0,1,0
"sci_RNA_C_054_GGACGACGCA",0,1,0
"sci_RNA_C_055_GGCTTCTGGA",0,1,0
"sci_RNA_C_056_AATCGAACTC",0,1,0
"sci_RNA_C_056_AATCCGGTCA",0,1,0
"sci_RNA_C_056_GGACGACGCA",0,1,0
"sci_RNA_C_057_AATCGAACTC",0,1,0
"sci_RNA_C_057_TTGCAGCATT",0,1,0
"sci_RNA_C_058_AGCGATCCGC",0,1,0
"sci_RNA_C_058_TTCTCTACTA",0,1,0
"sci_RNA_C_059_GGATTCTATC",0,1,0
"sci_RNA_C_059_CCAGGCTCTT",0,1,0
"sci_RNA_C_059_AATCGAACTC",0,1,0
"sci_RNA_C_059_GGACGACGCA",0,1,0
"sci_RNA_C_060_ACGGAGAATA",0,1,0
"sci_RNA_C_060_CTGAAGAGAC",0,1,0
"sci_RNA_C_060_CGTCTATGAA",0,1,0
"sci_RNA_C_060_TTCTCTACTA",0,1,0
"sci_RNA_C_060_GGCTTCTGGA",0,1,0
"sci_RNA_C_060_TTGCAGCATT",0,1,0
"sci_RNA_C_061_CCTATCATAA",0,1,0
"sci_RNA_C_061_CTGAAGAGAC",0,1,0
"sci_RNA_C_061_CGTCTATGAA",0,1,0
"sci_RNA_C_061_GGCTTCTGGA",0,1,0
"sci_RNA_C_062_CCTATCATAA",0,1,0
"sci_RNA_C_062_CGTCTATGAA",0,1,0
"sci_RNA_C_062_ACTCTACTGG",0,1,0
"sci_RNA_C_063_CTATTAACCA",0,1,0
"sci_RNA_C_063_TTCTCTACTA",0,1,0
"sci_RNA_C_063_GGACGACGCA",0,1,0
"sci_RNA_C_064_AGGTAGAGCT",0,1,0
"sci_RNA_C_064_TCTAGTCAAG",0,1,0
"sci_RNA_C_065_TAGAATAGCC",0,1,0
"sci_RNA_C_067_AATCGAACTC",0,1,0
"sci_RNA_C_067_CTGAAGAGAC",0,1,0
"sci_RNA_C_067_TTGCAGCATT",0,1,0
"sci_RNA_C_067_GGACGACGCA",0,1,0
"sci_RNA_C_068_CCTATCATAA",0,1,0
"sci_RNA_C_069_AATCCGGTCA",0,1,0
"sci_RNA_C_070_AATCGAACTC",0,1,0
"sci_RNA_C_070_AATCCGGTCA",0,1,0
"sci_RNA_C_072_CCAGGCTCTT",0,1,0
"sci_RNA_C_072_TAGAATAGCC",0,1,0
"sci_RNA_C_073_AGCGATCCGC",0,1,0
"sci_RNA_C_073_GTAGATGCGC",0,1,0
"sci_RNA_C_074_AGCGATCCGC",0,1,0
"sci_RNA_C_074_CCAGGCTCTT",0,1,0
"sci_RNA_C_074_CGTCTATGAA",0,1,0
"sci_RNA_C_074_TTCGCTGCCT",0,1,0
"sci_RNA_C_074_TTCTCTACTA",0,1,0
"sci_RNA_C_075_ACGGAGAATA",0,1,0
"sci_RNA_C_075_AATCGAACTC",0,1,0
"sci_RNA_C_075_GGCTTCTGGA",0,1,0
"sci_RNA_C_075_ACTCTACTGG",0,1,0
"sci_RNA_C_075_TCTAGTCAAG",0,1,0
"sci_RNA_C_076_CCAGGCTCTT",0,1,0
"sci_RNA_C_076_CTGAAGAGAC",0,1,0
"sci_RNA_C_076_CGTCTATGAA",0,1,0
"sci_RNA_C_076_TTCGCTGCCT",0,1,0
"sci_RNA_C_077_ACGGAGAATA",0,1,0
"sci_RNA_C_077_AATCCGGTCA",0,1,0
"sci_RNA_C_077_CGTCTATGAA",0,1,0
"sci_RNA_C_077_TTGCAGCATT",0,1,0
"sci_RNA_C_079_TAGAATAGCC",0,1,0
"sci_RNA_C_080_GGATTCTATC",0,1,0
"sci_RNA_C_081_ACGGAGAATA",0,1,0
"sci_RNA_C_081_AATCCGGTCA",0,1,0
"sci_RNA_C_082_TTGCAGCATT",0,1,0
"sci_RNA_C_083_AATCCGGTCA",0,1,0
"sci_RNA_C_083_CGTCTATGAA",0,1,0
"sci_RNA_C_083_TCTAGTCAAG",0,1,0
"sci_RNA_C_084_CCAGGCTCTT",0,1,0
"sci_RNA_C_085_TTCTATAGAG",0,1,0
"sci_RNA_C_086_AATCGAACTC",0,1,0
"sci_RNA_C_087_GGCATCTACC",0,1,0
"sci_RNA_C_087_GGATTCTATC",0,1,0
"sci_RNA_C_087_CTGAAGAGAC",0,1,0
"sci_RNA_C_087_TTCGCTGCCT",0,1,0
"sci_RNA_C_087_TTCTCTACTA",0,1,0
"sci_RNA_C_087_TTGCAGCATT",0,1,0
"sci_RNA_C_088_TTCTATAGAG",0,1,0
"sci_RNA_C_088_GGACGACGCA",0,1,0
"sci_RNA_C_089_AGCGATCCGC",0,1,0
"sci_RNA_C_090_TTCTCTACTA",0,1,0
"sci_RNA_C_090_TTGCAGCATT",0,1,0
"sci_RNA_C_091_CCGCGCAGGT",0,1,0
"sci_RNA_C_092_TTGCAGCATT",0,1,0
"sci_RNA_C_093_AGCGATCCGC",0,1,0
"sci_RNA_C_093_AATCCGGTCA",0,1,0
"sci_RNA_C_093_CTGAAGAGAC",0,1,0
"sci_RNA_C_093_CGTCTATGAA",0,1,0
"sci_RNA_C_093_TAGAATAGCC",0,1,0
"sci_RNA_C_094_TTCTATAGAG",0,1,0
"sci_RNA_C_095_AGCGATCCGC",0,1,0
"sci_RNA_C_095_TTCTATAGAG",0,1,0
"sci_RNA_C_096_GGATTCTATC",0,1,0
"sci_RNA_C_096_AATCCGGTCA",0,1,0
"sci_RNA_C_096_CGTCTATGAA",0,1,0
"sci_RNA_C_096_TTGCAGCATT",0,1,0
"sci_RNA_D_001_GGATTCTATC",0,1,0
"sci_RNA_D_001_CCTGAGAGCA",0,1,0
"sci_RNA_D_002_TTCGCTGCCT",0,1,0
"sci_RNA_D_003_AATCGAACTC",0,1,0
"sci_RNA_D_003_CTATTAACCA",0,1,0
"sci_RNA_D_003_GTAGATGCGC",0,1,0
"sci_RNA_D_003_CCGCGCAGGT",0,1,0
"sci_RNA_D_004_ACGGAGAATA",0,1,0
"sci_RNA_D_004_AATCCGGTCA",0,1,0
"sci_RNA_D_005_AATCGAACTC",0,1,0
"sci_RNA_D_005_GGCTTCTGGA",0,1,0
"sci_RNA_D_005_ACTCTACTGG",0,1,0
"sci_RNA_D_005_GGACGACGCA",0,1,0
"sci_RNA_D_006_TTGCAGCATT",0,1,0
"sci_RNA_D_007_CTGAAGAGAC",0,1,0
"sci_RNA_D_007_ACTCTACTGG",0,1,0
"sci_RNA_D_008_AGCGATCCGC",0,1,0
"sci_RNA_D_008_CCAGGCTCTT",0,1,0
"sci_RNA_D_009_ACGGAGAATA",0,1,0
"sci_RNA_D_010_CCTATCATAA",0,1,0
"sci_RNA_D_010_GGCATCTACC",0,1,0
"sci_RNA_D_010_GGATTCTATC",0,1,0
"sci_RNA_D_010_AATCCGGTCA",0,1,0
"sci_RNA_D_010_GGCTTCTGGA",0,1,0
"sci_RNA_D_011_TTCTATAGAG",0,1,0
"sci_RNA_D_011_TAGAATAGCC",0,1,0
"sci_RNA_D_011_TCTAGTCAAG",0,1,0
"sci_RNA_D_012_CCAGGCTCTT",0,1,0
"sci_RNA_D_012_AATCCGGTCA",0,1,0
"sci_RNA_D_012_ACTCTACTGG",0,1,0
"sci_RNA_D_013_GGATTCTATC",0,1,0
"sci_RNA_D_013_AGGTAGAGCT",0,1,0
"sci_RNA_D_013_TTCGCTGCCT",0,1,0
"sci_RNA_D_013_TCTAGTCAAG",0,1,0
"sci_RNA_D_014_CCTATCATAA",0,1,0
"sci_RNA_D_014_CCAGGCTCTT",0,1,0
"sci_RNA_D_014_AGGTAGAGCT",0,1,0
"sci_RNA_D_014_TTGCAGCATT",0,1,0
"sci_RNA_D_014_GGACGACGCA",0,1,0
"sci_RNA_D_015_TTGCAGCATT",0,1,0
"sci_RNA_D_016_CTATTAACCA",0,1,0
"sci_RNA_D_016_CGTCTATGAA",0,1,0
"sci_RNA_D_017_TTCTATAGAG",0,1,0
"sci_RNA_D_017_GTAGATGCGC",0,1,0
"sci_RNA_D_017_TAGAATAGCC",0,1,0
"sci_RNA_D_018_CCAGGCTCTT",0,1,0
"sci_RNA_D_018_GTAGATGCGC",0,1,0
"sci_RNA_D_018_CCTGAGAGCA",0,1,0
"sci_RNA_D_019_CTATTAACCA",0,1,0
"sci_RNA_D_020_TTCGCTGCCT",0,1,0
"sci_RNA_D_020_CCTGAGAGCA",0,1,0
"sci_RNA_D_021_GGCATCTACC",0,1,0
"sci_RNA_D_021_TTCTATAGAG",0,1,0
"sci_RNA_D_022_AATCGAACTC",0,1,0
"sci_RNA_D_022_TTCTCTACTA",0,1,0
"sci_RNA_D_024_CCAGGCTCTT",0,1,0
"sci_RNA_D_024_AATCGAACTC",0,1,0
"sci_RNA_D_024_TTCTCTACTA",0,1,0
"sci_RNA_D_025_CGTCTATGAA",0,1,0
"sci_RNA_D_025_GGCTTCTGGA",0,1,0
"sci_RNA_D_026_AGGTAGAGCT",0,1,0
"sci_RNA_D_026_TAGAATAGCC",0,1,0
"sci_RNA_D_026_GGACGACGCA",0,1,0
"sci_RNA_D_027_ACGGAGAATA",0,1,0
"sci_RNA_D_027_CCAGGCTCTT",0,1,0
"sci_RNA_D_027_GGCTTCTGGA",0,1,0
"sci_RNA_D_029_CCTATCATAA",0,1,0
"sci_RNA_D_029_CGTCTATGAA",0,1,0
"sci_RNA_D_029_TTCGCTGCCT",0,1,0
"sci_RNA_D_029_GTAGATGCGC",0,1,0
"sci_RNA_D_029_TAGAATAGCC",0,1,0
"sci_RNA_D_030_ACGGAGAATA",0,1,0
"sci_RNA_D_030_GGCATCTACC",0,1,0
"sci_RNA_D_030_GGATTCTATC",0,1,0
"sci_RNA_D_031_ACGGAGAATA",0,1,0
"sci_RNA_D_031_GTAGATGCGC",0,1,0
"sci_RNA_D_032_GGATTCTATC",0,1,0
"sci_RNA_D_032_AATCGAACTC",0,1,0
"sci_RNA_D_032_CGTCTATGAA",0,1,0
"sci_RNA_D_032_TAGAATAGCC",0,1,0
"sci_RNA_D_033_GGCATCTACC",0,1,0
"sci_RNA_D_033_TTCTATAGAG",0,1,0
"sci_RNA_D_034_ACGGAGAATA",0,1,0
"sci_RNA_D_034_CTATTAACCA",0,1,0
"sci_RNA_D_034_CGTCTATGAA",0,1,0
"sci_RNA_D_035_CCTATCATAA",0,1,0
"sci_RNA_D_035_CCAGGCTCTT",0,1,0
"sci_RNA_D_035_AATCGAACTC",0,1,0
"sci_RNA_D_036_TTCTCTACTA",0,1,0
"sci_RNA_D_036_GGCTTCTGGA",0,1,0
"sci_RNA_D_036_ACTCTACTGG",0,1,0
"sci_RNA_D_037_AGCGATCCGC",0,1,0
"sci_RNA_D_037_CGTCTATGAA",0,1,0
"sci_RNA_D_037_AGGTAGAGCT",0,1,0
"sci_RNA_D_038_GGCATCTACC",0,1,0
"sci_RNA_D_038_GGATTCTATC",0,1,0
"sci_RNA_D_038_CCTGAGAGCA",0,1,0
"sci_RNA_D_038_TCTAGTCAAG",0,1,0
"sci_RNA_D_039_CCTATCATAA",0,1,0
"sci_RNA_D_039_AATCGAACTC",0,1,0
"sci_RNA_D_039_CTATTAACCA",0,1,0
"sci_RNA_D_039_CGTCTATGAA",0,1,0
"sci_RNA_D_039_TTCGCTGCCT",0,1,0
"sci_RNA_D_040_TTCTCTACTA",0,1,0
"sci_RNA_D_040_TTGCAGCATT",0,1,0
"sci_RNA_D_041_CTGAAGAGAC",0,1,0
"sci_RNA_D_041_GGCTTCTGGA",0,1,0
"sci_RNA_D_041_CCTGAGAGCA",0,1,0
"sci_RNA_D_044_CTATTAACCA",0,1,0
"sci_RNA_D_044_TAGAATAGCC",0,1,0
"sci_RNA_D_045_CGTCTATGAA",0,1,0
"sci_RNA_D_045_CCGCGCAGGT",0,1,0
"sci_RNA_D_046_AGCGATCCGC",0,1,0
"sci_RNA_D_047_GTAGATGCGC",0,1,0
"sci_RNA_D_047_GGACGACGCA",0,1,0
"sci_RNA_D_048_CCTATCATAA",0,1,0
"sci_RNA_D_048_TCTAGTCAAG",0,1,0
"sci_RNA_D_049_TTCTATAGAG",0,1,0
"sci_RNA_D_049_TTCGCTGCCT",0,1,0
"sci_RNA_D_050_GGCATCTACC",0,1,0
"sci_RNA_D_050_GGCTTCTGGA",0,1,0
"sci_RNA_D_050_TTGCAGCATT",0,1,0
"sci_RNA_D_051_AATCGAACTC",0,1,0
"sci_RNA_D_052_CCTGAGAGCA",0,1,0
"sci_RNA_D_053_CCTATCATAA",0,1,0
"sci_RNA_D_053_TTCTATAGAG",0,1,0
"sci_RNA_D_053_GGCTTCTGGA",0,1,0
"sci_RNA_D_054_AATCCGGTCA",0,1,0
"sci_RNA_D_055_AATCCGGTCA",0,1,0
"sci_RNA_D_055_CGTCTATGAA",0,1,0
"sci_RNA_D_056_GGCATCTACC",0,1,0
"sci_RNA_D_056_GGATTCTATC",0,1,0
"sci_RNA_D_056_TAGAATAGCC",0,1,0
"sci_RNA_D_057_ACGGAGAATA",0,1,0
"sci_RNA_D_057_CCAGGCTCTT",0,1,0
"sci_RNA_D_057_TAGAATAGCC",0,1,0
"sci_RNA_D_059_TTCTATAGAG",0,1,0
"sci_RNA_D_059_CGTCTATGAA",0,1,0
"sci_RNA_D_060_AATCGAACTC",0,1,0
"sci_RNA_D_061_ACGGAGAATA",0,1,0
"sci_RNA_D_061_AATCGAACTC",0,1,0
"sci_RNA_D_061_GGACGACGCA",0,1,0
"sci_RNA_D_062_CCAGGCTCTT",0,1,0
"sci_RNA_D_063_AGCGATCCGC",0,1,0
"sci_RNA_D_063_TTCGCTGCCT",0,1,0
"sci_RNA_D_063_GGACGACGCA",0,1,0
"sci_RNA_D_064_GGATTCTATC",0,1,0
"sci_RNA_D_064_AATCCGGTCA",0,1,0
"sci_RNA_D_064_ACTCTACTGG",0,1,0
"sci_RNA_D_064_CCGCGCAGGT",0,1,0
"sci_RNA_D_065_AGGTAGAGCT",0,1,0
"sci_RNA_D_065_TTCTCTACTA",0,1,0
"sci_RNA_D_066_GGATTCTATC",0,1,0
"sci_RNA_D_066_TTCTATAGAG",0,1,0
"sci_RNA_D_066_CTATTAACCA",0,1,0
"sci_RNA_D_067_CCTATCATAA",0,1,0
"sci_RNA_D_067_GGCTTCTGGA",0,1,0
"sci_RNA_D_068_AGCGATCCGC",0,1,0
"sci_RNA_D_068_TTCTATAGAG",0,1,0
"sci_RNA_D_068_GGACGACGCA",0,1,0
"sci_RNA_D_068_CCGCGCAGGT",0,1,0
"sci_RNA_D_069_AGCGATCCGC",0,1,0
"sci_RNA_D_069_TTCTATAGAG",0,1,0
"sci_RNA_D_069_CTGAAGAGAC",0,1,0
"sci_RNA_D_069_AGGTAGAGCT",0,1,0
"sci_RNA_D_069_TCTAGTCAAG",0,1,0
"sci_RNA_D_070_CCAGGCTCTT",0,1,0
"sci_RNA_D_070_CTGAAGAGAC",0,1,0
"sci_RNA_D_072_ACGGAGAATA",0,1,0
"sci_RNA_D_072_GGATTCTATC",0,1,0
"sci_RNA_D_072_ACTCTACTGG",0,1,0
"sci_RNA_D_073_ACGGAGAATA",0,1,0
"sci_RNA_D_073_GGATTCTATC",0,1,0
"sci_RNA_D_073_TCTAGTCAAG",0,1,0
"sci_RNA_D_074_CGTCTATGAA",0,1,0
"sci_RNA_D_074_AGGTAGAGCT",0,1,0
"sci_RNA_D_075_GGCATCTACC",0,1,0
"sci_RNA_D_075_TTCTATAGAG",0,1,0
"sci_RNA_D_076_AGCGATCCGC",0,1,0
"sci_RNA_D_077_TTCTATAGAG",0,1,0
"sci_RNA_D_077_CTATTAACCA",0,1,0
"sci_RNA_D_078_AATCGAACTC",0,1,0
"sci_RNA_D_078_AATCCGGTCA",0,1,0
"sci_RNA_D_078_CTGAAGAGAC",0,1,0
"sci_RNA_D_078_CGTCTATGAA",0,1,0
"sci_RNA_D_081_AGCGATCCGC",0,1,0
"sci_RNA_D_081_ACGGAGAATA",0,1,0
"sci_RNA_D_081_CGTCTATGAA",0,1,0
"sci_RNA_D_081_CCGCGCAGGT",0,1,0
"sci_RNA_D_082_CCGCGCAGGT",0,1,0
"sci_RNA_D_083_GGCATCTACC",0,1,0
"sci_RNA_D_083_CCAGGCTCTT",0,1,0
"sci_RNA_D_084_GGCATCTACC",0,1,0
"sci_RNA_D_084_TTCTATAGAG",0,1,0
"sci_RNA_D_084_AATCGAACTC",0,1,0
"sci_RNA_D_084_TTGCAGCATT",0,1,0
"sci_RNA_D_085_CCAGGCTCTT",0,1,0
"sci_RNA_D_086_GGCTTCTGGA",0,1,0
"sci_RNA_D_087_GGATTCTATC",0,1,0
"sci_RNA_D_087_GTAGATGCGC",0,1,0
"sci_RNA_D_088_GGATTCTATC",0,1,0
"sci_RNA_D_088_TTCTATAGAG",0,1,0
"sci_RNA_D_088_TTCTCTACTA",0,1,0
"sci_RNA_D_088_TTGCAGCATT",0,1,0
"sci_RNA_D_088_GGACGACGCA",0,1,0
"sci_RNA_D_089_GGATTCTATC",0,1,0
"sci_RNA_D_089_CGTCTATGAA",0,1,0
"sci_RNA_D_090_TTCTCTACTA",0,1,0
"sci_RNA_D_090_CCTGAGAGCA",0,1,0
"sci_RNA_D_091_TTGCAGCATT",0,1,0
"sci_RNA_D_092_CTGAAGAGAC",0,1,0
"sci_RNA_D_093_ACGGAGAATA",0,1,0
"sci_RNA_D_093_CCAGGCTCTT",0,1,0
"sci_RNA_D_095_CCTATCATAA",0,1,0
"sci_RNA_D_095_CCAGGCTCTT",0,1,0
"sci_RNA_D_095_TCTAGTCAAG",0,1,0
"sci_RNA_D_096_CTATTAACCA",0,1,0
"sci_RNA_D_096_TTCTCTACTA",0,1,0
"sci_RNA_E_001_AGCGATCCGC",0,1,0
"sci_RNA_E_001_TTCTCTACTA",0,1,0
"sci_RNA_E_001_GGCTTCTGGA",0,1,0
"sci_RNA_E_002_TTGCAGCATT",0,1,0
"sci_RNA_E_003_AGCGATCCGC",0,1,0
"sci_RNA_E_003_TTCGCTGCCT",0,1,0
"sci_RNA_E_005_GGACGACGCA",0,1,0
"sci_RNA_E_006_ACGGAGAATA",0,1,0
"sci_RNA_E_006_CTGAAGAGAC",0,1,0
"sci_RNA_E_006_GTAGATGCGC",0,1,0
"sci_RNA_E_008_ACGGAGAATA",0,1,0
"sci_RNA_E_008_AATCGAACTC",0,1,0
"sci_RNA_E_008_TTCGCTGCCT",0,1,0
"sci_RNA_E_009_CCAGGCTCTT",0,1,0
"sci_RNA_E_009_CGTCTATGAA",0,1,0
"sci_RNA_E_010_TAGAATAGCC",0,1,0
"sci_RNA_E_011_GGACGACGCA",0,1,0
"sci_RNA_E_013_AGCGATCCGC",0,1,0
"sci_RNA_E_013_TTGCAGCATT",0,1,0
"sci_RNA_E_014_CGTCTATGAA",0,1,0
"sci_RNA_E_014_TTCTCTACTA",0,1,0
"sci_RNA_E_014_GGCTTCTGGA",0,1,0
"sci_RNA_E_014_GGACGACGCA",0,1,0
"sci_RNA_E_015_CTATTAACCA",0,1,0
"sci_RNA_E_015_TTCTCTACTA",0,1,0
"sci_RNA_E_015_TTGCAGCATT",0,1,0
"sci_RNA_E_016_CCAGGCTCTT",0,1,0
"sci_RNA_E_016_CTGAAGAGAC",0,1,0
"sci_RNA_E_017_GGCTTCTGGA",0,1,0
"sci_RNA_E_017_TAGAATAGCC",0,1,0
"sci_RNA_E_018_CTGAAGAGAC",0,1,0
"sci_RNA_E_018_TTCGCTGCCT",0,1,0
"sci_RNA_E_018_TAGAATAGCC",0,1,0
"sci_RNA_E_019_GGATTCTATC",0,1,0
"sci_RNA_E_019_CCGCGCAGGT",0,1,0
"sci_RNA_E_020_CCTATCATAA",0,1,0
"sci_RNA_E_020_ACTCTACTGG",0,1,0
"sci_RNA_E_020_GGACGACGCA",0,1,0
"sci_RNA_E_021_AATCGAACTC",0,1,0
"sci_RNA_E_021_GTAGATGCGC",0,1,0
"sci_RNA_E_021_TAGAATAGCC",0,1,0
"sci_RNA_E_022_AATCCGGTCA",0,1,0
"sci_RNA_E_022_TTCTCTACTA",0,1,0
"sci_RNA_E_022_ACTCTACTGG",0,1,0
"sci_RNA_E_022_TCTAGTCAAG",0,1,0
"sci_RNA_E_023_CCAGGCTCTT",0,1,0
"sci_RNA_E_024_AATCCGGTCA",0,1,0
"sci_RNA_E_024_CGTCTATGAA",0,1,0
"sci_RNA_E_024_CCTGAGAGCA",0,1,0
"sci_RNA_E_025_CCAGGCTCTT",0,1,0
"sci_RNA_E_025_TTGCAGCATT",0,1,0
"sci_RNA_E_025_GGACGACGCA",0,1,0
"sci_RNA_E_026_ACGGAGAATA",0,1,0
"sci_RNA_E_026_TTCGCTGCCT",0,1,0
"sci_RNA_E_027_TAGAATAGCC",0,1,0
"sci_RNA_E_029_CCTATCATAA",0,1,0
"sci_RNA_E_029_TCTAGTCAAG",0,1,0
"sci_RNA_E_030_ACGGAGAATA",0,1,0
"sci_RNA_E_030_AGGTAGAGCT",0,1,0
"sci_RNA_E_030_TTCGCTGCCT",0,1,0
"sci_RNA_E_031_CCTATCATAA",0,1,0
"sci_RNA_E_031_CCAGGCTCTT",0,1,0
"sci_RNA_E_032_CGTCTATGAA",0,1,0
"sci_RNA_E_035_GGCATCTACC",0,1,0
"sci_RNA_E_035_TTGCAGCATT",0,1,0
"sci_RNA_E_035_TAGAATAGCC",0,1,0
"sci_RNA_E_036_AGCGATCCGC",0,1,0
"sci_RNA_E_036_GGCTTCTGGA",0,1,0
"sci_RNA_E_037_CCAGGCTCTT",0,1,0
"sci_RNA_E_037_CGTCTATGAA",0,1,0
"sci_RNA_E_038_ACGGAGAATA",0,1,0
"sci_RNA_E_038_CTATTAACCA",0,1,0
"sci_RNA_E_038_TTCTCTACTA",0,1,0
"sci_RNA_E_039_AGCGATCCGC",0,1,0
"sci_RNA_E_039_ACTCTACTGG",0,1,0
"sci_RNA_E_039_CCTGAGAGCA",0,1,0
"sci_RNA_E_039_CCGCGCAGGT",0,1,0
"sci_RNA_E_040_TTCGCTGCCT",0,1,0
"sci_RNA_E_041_ACGGAGAATA",0,1,0
"sci_RNA_E_041_CCAGGCTCTT",0,1,0
"sci_RNA_E_041_AATCCGGTCA",0,1,0
"sci_RNA_E_041_GGCTTCTGGA",0,1,0
"sci_RNA_E_042_CCTATCATAA",0,1,0
"sci_RNA_E_042_ACGGAGAATA",0,1,0
"sci_RNA_E_042_AATCGAACTC",0,1,0
"sci_RNA_E_042_CGTCTATGAA",0,1,0
"sci_RNA_E_042_GGCTTCTGGA",0,1,0
"sci_RNA_E_043_TTCTATAGAG",0,1,0
"sci_RNA_E_043_GGCTTCTGGA",0,1,0
"sci_RNA_E_044_GGCATCTACC",0,1,0
"sci_RNA_E_044_CGTCTATGAA",0,1,0
"sci_RNA_E_044_TTCTCTACTA",0,1,0
"sci_RNA_E_045_CCTATCATAA",0,1,0
"sci_RNA_E_045_GGACGACGCA",0,1,0
"sci_RNA_E_046_ACGGAGAATA",0,1,0
"sci_RNA_E_046_TTCTCTACTA",0,1,0
"sci_RNA_E_046_TCTAGTCAAG",0,1,0
"sci_RNA_E_047_TTCTATAGAG",0,1,0
"sci_RNA_E_047_AATCCGGTCA",0,1,0
"sci_RNA_E_047_TTCGCTGCCT",0,1,0
"sci_RNA_E_047_TAGAATAGCC",0,1,0
"sci_RNA_E_048_AGCGATCCGC",0,1,0
"sci_RNA_E_048_TTCGCTGCCT",0,1,0
"sci_RNA_E_049_ACGGAGAATA",0,1,0
"sci_RNA_E_049_CTATTAACCA",0,1,0
"sci_RNA_E_049_GGACGACGCA",0,1,0
"sci_RNA_E_050_TTCTATAGAG",0,1,0
"sci_RNA_E_050_GTAGATGCGC",0,1,0
"sci_RNA_E_051_AGCGATCCGC",0,1,0
"sci_RNA_E_051_GGATTCTATC",0,1,0
"sci_RNA_E_051_CTGAAGAGAC",0,1,0
"sci_RNA_E_055_GGATTCTATC",0,1,0
"sci_RNA_E_056_CCTGAGAGCA",0,1,0
"sci_RNA_E_057_ACGGAGAATA",0,1,0
"sci_RNA_E_057_AATCGAACTC",0,1,0
"sci_RNA_E_057_TTGCAGCATT",0,1,0
"sci_RNA_E_057_TCTAGTCAAG",0,1,0
"sci_RNA_E_058_CCTATCATAA",0,1,0
"sci_RNA_E_058_ACGGAGAATA",0,1,0
"sci_RNA_E_058_GGACGACGCA",0,1,0
"sci_RNA_E_059_GGCATCTACC",0,1,0
"sci_RNA_E_059_ACTCTACTGG",0,1,0
"sci_RNA_E_060_CTGAAGAGAC",0,1,0
"sci_RNA_E_061_ACGGAGAATA",0,1,0
"sci_RNA_E_062_CCTATCATAA",0,1,0
"sci_RNA_E_063_AGCGATCCGC",0,1,0
"sci_RNA_E_063_CCAGGCTCTT",0,1,0
"sci_RNA_E_063_CGTCTATGAA",0,1,0
"sci_RNA_E_063_GTAGATGCGC",0,1,0
"sci_RNA_E_065_AGCGATCCGC",0,1,0
"sci_RNA_E_065_TTCTATAGAG",0,1,0
"sci_RNA_E_066_CCTATCATAA",0,1,0
"sci_RNA_E_067_AATCCGGTCA",0,1,0
"sci_RNA_E_067_GTAGATGCGC",0,1,0
"sci_RNA_E_067_TCTAGTCAAG",0,1,0
"sci_RNA_E_068_CCTATCATAA",0,1,0
"sci_RNA_E_068_GGCATCTACC",0,1,0
"sci_RNA_E_068_AATCGAACTC",0,1,0
"sci_RNA_E_068_TTCGCTGCCT",0,1,0
"sci_RNA_E_068_TTGCAGCATT",0,1,0
"sci_RNA_E_069_GGACGACGCA",0,1,0
"sci_RNA_E_073_CCAGGCTCTT",0,1,0
"sci_RNA_E_073_TTGCAGCATT",0,1,0
"sci_RNA_E_074_CCGCGCAGGT",0,1,0
"sci_RNA_E_075_CTATTAACCA",0,1,0
"sci_RNA_E_075_CTGAAGAGAC",0,1,0
"sci_RNA_E_077_TCTAGTCAAG",0,1,0
"sci_RNA_E_078_AGCGATCCGC",0,1,0
"sci_RNA_E_078_CTATTAACCA",0,1,0
"sci_RNA_E_080_CCAGGCTCTT",0,1,0
"sci_RNA_E_080_CTATTAACCA",0,1,0
"sci_RNA_E_081_TTGCAGCATT",0,1,0
"sci_RNA_E_081_ACTCTACTGG",0,1,0
"sci_RNA_E_082_AGGTAGAGCT",0,1,0
"sci_RNA_E_082_GGACGACGCA",0,1,0
"sci_RNA_E_083_AATCCGGTCA",0,1,0
"sci_RNA_E_083_CTATTAACCA",0,1,0
"sci_RNA_E_083_CGTCTATGAA",0,1,0
"sci_RNA_E_083_AGGTAGAGCT",0,1,0
"sci_RNA_E_083_TTCGCTGCCT",0,1,0
"sci_RNA_E_083_GGACGACGCA",0,1,0
"sci_RNA_E_084_ACGGAGAATA",0,1,0
"sci_RNA_E_084_AATCGAACTC",0,1,0
"sci_RNA_E_084_TTCTCTACTA",0,1,0
"sci_RNA_E_084_TCTAGTCAAG",0,1,0
"sci_RNA_E_086_GGCTTCTGGA",0,1,0
"sci_RNA_E_086_TAGAATAGCC",0,1,0
"sci_RNA_E_087_GGATTCTATC",0,1,0
"sci_RNA_E_087_TTCGCTGCCT",0,1,0
"sci_RNA_E_087_GGACGACGCA",0,1,0
"sci_RNA_E_088_CTATTAACCA",0,1,0
"sci_RNA_E_089_ACTCTACTGG",0,1,0
"sci_RNA_E_089_TAGAATAGCC",0,1,0
"sci_RNA_E_090_AATCGAACTC",0,1,0
"sci_RNA_E_090_AATCCGGTCA",0,1,0
"sci_RNA_E_090_TTCTCTACTA",0,1,0
"sci_RNA_E_091_AGCGATCCGC",0,1,0
"sci_RNA_E_091_CCTATCATAA",0,1,0
"sci_RNA_E_091_GGATTCTATC",0,1,0
"sci_RNA_E_092_AATCGAACTC",0,1,0
"sci_RNA_E_092_CTGAAGAGAC",0,1,0
"sci_RNA_E_092_TCTAGTCAAG",0,1,0
"sci_RNA_E_093_AATCGAACTC",0,1,0
"sci_RNA_E_093_GGCTTCTGGA",0,1,0
"sci_RNA_E_093_TCTAGTCAAG",0,1,0
"sci_RNA_E_094_ACGGAGAATA",0,1,0
"sci_RNA_E_094_AATCCGGTCA",0,1,0
"sci_RNA_E_094_GTAGATGCGC",0,1,0
"sci_RNA_E_094_ACTCTACTGG",0,1,0
"sci_RNA_E_094_TCTAGTCAAG",0,1,0
"sci_RNA_E_095_GGCATCTACC",0,1,0
"sci_RNA_E_095_CTGAAGAGAC",0,1,0
"sci_RNA_E_095_CCGCGCAGGT",0,1,0
"sci_RNA_E_096_CCTATCATAA",0,1,0
"sci_RNA_E_096_AATCGAACTC",0,1,0
"sci_RNA_A_001_AAGTACGTTA",0,0,1
"sci_RNA_A_001_TCCGCCGGTC",0,0,1
"sci_RNA_A_001_TAGCCAGCAA",0,0,1
"sci_RNA_A_001_CGTATTGAGA",0,0,1
"sci_RNA_A_002_AAGTACGTTA",0,0,1
"sci_RNA_A_004_TCCGCCGGTC",0,0,1
"sci_RNA_A_004_ACGCTTCTCT",0,0,1
"sci_RNA_A_004_GCTCGAATCA",0,0,1
"sci_RNA_A_004_GCGGCCAATC",0,0,1
"sci_RNA_A_004_ACGATAGACT",0,0,1
"sci_RNA_A_005_TCTATCGGTA",0,0,1
"sci_RNA_A_005_CGTATTGAGA",0,0,1
"sci_RNA_A_006_TCTATCGGTA",0,0,1
"sci_RNA_A_007_AAGTACGTTA",0,0,1
"sci_RNA_A_007_GCGGCCAATC",0,0,1
"sci_RNA_A_007_TGAGACTCTA",0,0,1
"sci_RNA_A_007_GGCTATTCGA",0,0,1
"sci_RNA_A_007_CGTATTGAGA",0,0,1
"sci_RNA_A_008_GGCGGTTGAC",0,0,1
"sci_RNA_A_008_GCGGCCAATC",0,0,1
"sci_RNA_A_008_GGCTCGAGAT",0,0,1
"sci_RNA_A_008_CGTATTGAGA",0,0,1
"sci_RNA_A_010_TCCGCCGGTC",0,0,1
"sci_RNA_A_011_TGCCTAACTT",0,0,1
"sci_RNA_A_011_GATCCAGCGT",0,0,1
"sci_RNA_A_012_AAGTACGTTA",0,0,1
"sci_RNA_A_012_TCCGCCGGTC",0,0,1
"sci_RNA_A_012_TGCCTAACTT",0,0,1
"sci_RNA_A_013_TCCGCCGGTC",0,0,1
"sci_RNA_A_013_ACGCTTCTCT",0,0,1
"sci_RNA_A_013_ATATGCCATC",0,0,1
"sci_RNA_A_013_GCGGCCAATC",0,0,1
"sci_RNA_A_014_ATCCATCAGG",0,0,1
"sci_RNA_A_014_ACGCTTCTCT",0,0,1
"sci_RNA_A_014_CGTATTGAGA",0,0,1
"sci_RNA_A_015_CTCGGAGCAA",0,0,1
"sci_RNA_A_016_TCTATCGGTA",0,0,1
"sci_RNA_A_016_ATATGCCATC",0,0,1
"sci_RNA_A_016_GCGGAGTCGA",0,0,1
"sci_RNA_A_016_GCGGCCAATC",0,0,1
"sci_RNA_A_017_TCTATCGGTA",0,0,1
"sci_RNA_A_017_GATCCAGCGT",0,0,1
"sci_RNA_A_017_TCCTCTCCGT",0,0,1
"sci_RNA_A_018_TCTATCGGTA",0,0,1
"sci_RNA_A_018_TAGCCAGCAA",0,0,1
"sci_RNA_A_019_GGCGGTTGAC",0,0,1
"sci_RNA_A_019_CTCGGAGCAA",0,0,1
"sci_RNA_A_019_TGAGACTCTA",0,0,1
"sci_RNA_A_019_GGCTATTCGA",0,0,1
"sci_RNA_A_020_TCTATCGGTA",0,0,1
"sci_RNA_A_020_ATTAACTTAA",0,0,1
"sci_RNA_A_020_CGTATTGAGA",0,0,1
"sci_RNA_A_021_TCCGCCGGTC",0,0,1
"sci_RNA_A_021_ATATGCCATC",0,0,1
"sci_RNA_A_022_TGAGACTCTA",0,0,1
"sci_RNA_A_024_TCTATCGGTA",0,0,1
"sci_RNA_A_025_AAGTACGTTA",0,0,1
"sci_RNA_A_025_ATATGCCATC",0,0,1
"sci_RNA_A_025_GGCTATTCGA",0,0,1
"sci_RNA_A_026_AAGTACGTTA",0,0,1
"sci_RNA_A_027_GGCGGTTGAC",0,0,1
"sci_RNA_A_028_TCTATCGGTA",0,0,1
"sci_RNA_A_028_TCCGCCGGTC",0,0,1
"sci_RNA_A_028_ACGATAGACT",0,0,1
"sci_RNA_A_028_CGTATTGAGA",0,0,1
"sci_RNA_A_029_TCCGCCGGTC",0,0,1
"sci_RNA_A_029_TCGGTAAGGC",0,0,1
"sci_RNA_A_029_CGAATCTCCT",0,0,1
"sci_RNA_A_029_TAGCCAGCAA",0,0,1
"sci_RNA_A_030_GATCCAGCGT",0,0,1
"sci_RNA_A_030_CGTATTGAGA",0,0,1
"sci_RNA_A_031_AAGTACGTTA",0,0,1
"sci_RNA_A_031_ATTAACTTAA",0,0,1
"sci_RNA_A_032_TCGGTAAGGC",0,0,1
"sci_RNA_A_032_ATATGCCATC",0,0,1
"sci_RNA_A_032_GGCTATTCGA",0,0,1
"sci_RNA_A_033_GATCCAGCGT",0,0,1
"sci_RNA_A_033_ACGCTTCTCT",0,0,1
"sci_RNA_A_033_CTCGGAGCAA",0,0,1
"sci_RNA_A_033_TAGCCAGCAA",0,0,1
"sci_RNA_A_033_CGTATTGAGA",0,0,1
"sci_RNA_A_034_TCTATCGGTA",0,0,1
"sci_RNA_A_035_TAGCCAGCAA",0,0,1
"sci_RNA_A_035_ATTAACTTAA",0,0,1
"sci_RNA_A_036_TGAGACTCTA",0,0,1
"sci_RNA_A_037_CTCGGAGCAA",0,0,1
"sci_RNA_A_037_TGAGACTCTA",0,0,1
"sci_RNA_A_038_AAGTACGTTA",0,0,1
"sci_RNA_A_038_TCTATCGGTA",0,0,1
"sci_RNA_A_038_CTCGGAGCAA",0,0,1
"sci_RNA_A_038_TGAGACTCTA",0,0,1
"sci_RNA_A_039_CGAATCTCCT",0,0,1
"sci_RNA_A_040_AAGTACGTTA",0,0,1
"sci_RNA_A_040_CTCGGAGCAA",0,0,1
"sci_RNA_A_040_GCGGCCAATC",0,0,1
"sci_RNA_A_041_GGCTCGAGAT",0,0,1
"sci_RNA_A_042_TCCGCCGGTC",0,0,1
"sci_RNA_A_044_TCCGCCGGTC",0,0,1
"sci_RNA_A_044_ACGATAGACT",0,0,1
"sci_RNA_A_045_GATCCAGCGT",0,0,1
"sci_RNA_A_045_ATATGCCATC",0,0,1
"sci_RNA_A_045_GCGGAGTCGA",0,0,1
"sci_RNA_A_045_TCCTCTCCGT",0,0,1
"sci_RNA_A_046_GGCTATTCGA",0,0,1
"sci_RNA_A_046_CGTATTGAGA",0,0,1
"sci_RNA_A_047_TAGCCAGCAA",0,0,1
"sci_RNA_A_047_TGAGACTCTA",0,0,1
"sci_RNA_A_047_ATTAACTTAA",0,0,1
"sci_RNA_A_048_TGCCTAACTT",0,0,1
"sci_RNA_A_049_CGAATCTCCT",0,0,1
"sci_RNA_A_049_TGAGACTCTA",0,0,1
"sci_RNA_A_050_ATCCATCAGG",0,0,1
"sci_RNA_A_050_TGCCTAACTT",0,0,1
"sci_RNA_A_050_GATCCAGCGT",0,0,1
"sci_RNA_A_050_TAGCCAGCAA",0,0,1
"sci_RNA_A_051_TCGGTAAGGC",0,0,1
"sci_RNA_A_052_TGAGACTCTA",0,0,1
"sci_RNA_A_053_GATCCAGCGT",0,0,1
"sci_RNA_A_053_GCGGAGTCGA",0,0,1
"sci_RNA_A_053_TAGCCAGCAA",0,0,1
"sci_RNA_A_053_ATTAACTTAA",0,0,1
"sci_RNA_A_055_GGCGGTTGAC",0,0,1
"sci_RNA_A_056_TCCGCCGGTC",0,0,1
"sci_RNA_A_056_GCGGAGTCGA",0,0,1
"sci_RNA_A_056_GGCTATTCGA",0,0,1
"sci_RNA_A_056_ATTAACTTAA",0,0,1
"sci_RNA_A_057_ATTAACTTAA",0,0,1
"sci_RNA_A_058_ATTAACTTAA",0,0,1
"sci_RNA_A_059_TCGGTAAGGC",0,0,1
"sci_RNA_A_059_GCGGAGTCGA",0,0,1
"sci_RNA_A_059_TGAGACTCTA",0,0,1
"sci_RNA_A_060_GGCGGTTGAC",0,0,1
"sci_RNA_A_060_ATATGCCATC",0,0,1
"sci_RNA_A_061_CGTATTGAGA",0,0,1
"sci_RNA_A_062_GGCGGTTGAC",0,0,1
"sci_RNA_A_063_ACGCTTCTCT",0,0,1
"sci_RNA_A_063_CGTATTGAGA",0,0,1
"sci_RNA_A_064_CTCGGAGCAA",0,0,1
"sci_RNA_A_064_GCGGAGTCGA",0,0,1
"sci_RNA_A_065_CTCGGAGCAA",0,0,1
"sci_RNA_A_065_GCGGAGTCGA",0,0,1
"sci_RNA_A_065_TAGCCAGCAA",0,0,1
"sci_RNA_A_066_TAGCCAGCAA",0,0,1
"sci_RNA_A_066_GGCTCGAGAT",0,0,1
"sci_RNA_A_067_ATCCATCAGG",0,0,1
"sci_RNA_A_068_TCTATCGGTA",0,0,1
"sci_RNA_A_070_TAGCCAGCAA",0,0,1
"sci_RNA_A_070_ACGATAGACT",0,0,1
"sci_RNA_A_071_GCGGAGTCGA",0,0,1
"sci_RNA_A_071_GGCTCGAGAT",0,0,1
"sci_RNA_A_072_CTCGGAGCAA",0,0,1
"sci_RNA_A_072_TCCTCTCCGT",0,0,1
"sci_RNA_A_072_CGTATTGAGA",0,0,1
"sci_RNA_A_073_AAGTACGTTA",0,0,1
"sci_RNA_A_073_ATATGCCATC",0,0,1
"sci_RNA_A_073_GGCTCGAGAT",0,0,1
"sci_RNA_A_074_ATATGCCATC",0,0,1
"sci_RNA_A_075_TCCGCCGGTC",0,0,1
"sci_RNA_A_075_GGCGGTTGAC",0,0,1
"sci_RNA_A_075_TAGCCAGCAA",0,0,1
"sci_RNA_A_076_TCTATCGGTA",0,0,1
"sci_RNA_A_076_TGAGACTCTA",0,0,1
"sci_RNA_A_076_GGCTATTCGA",0,0,1
"sci_RNA_A_077_TGCCTAACTT",0,0,1
"sci_RNA_A_077_ATATGCCATC",0,0,1
"sci_RNA_A_077_GCGGCCAATC",0,0,1
"sci_RNA_A_077_GGCTATTCGA",0,0,1
"sci_RNA_A_078_CGAATCTCCT",0,0,1
"sci_RNA_A_078_GGCTCGAGAT",0,0,1
"sci_RNA_A_079_GCGGAGTCGA",0,0,1
"sci_RNA_A_079_GGCTATTCGA",0,0,1
"sci_RNA_A_081_TAGCCAGCAA",0,0,1
"sci_RNA_A_082_GCGGCCAATC",0,0,1
"sci_RNA_A_082_ACGATAGACT",0,0,1
"sci_RNA_A_082_CGTATTGAGA",0,0,1
"sci_RNA_A_083_TGCCTAACTT",0,0,1
"sci_RNA_A_083_ACGCTTCTCT",0,0,1
"sci_RNA_A_083_TAGCCAGCAA",0,0,1
"sci_RNA_A_083_GCGGCCAATC",0,0,1
"sci_RNA_A_083_TGAGACTCTA",0,0,1
"sci_RNA_A_084_AAGTACGTTA",0,0,1
"sci_RNA_A_084_TAGCCAGCAA",0,0,1
"sci_RNA_A_084_GCGGCCAATC",0,0,1
"sci_RNA_A_084_CGTATTGAGA",0,0,1
"sci_RNA_A_085_CGAATCTCCT",0,0,1
"sci_RNA_A_085_GCGGAGTCGA",0,0,1
"sci_RNA_A_085_GCGGCCAATC",0,0,1
"sci_RNA_A_086_CGAATCTCCT",0,0,1
"sci_RNA_A_086_TAGCCAGCAA",0,0,1
"sci_RNA_A_087_GATCCAGCGT",0,0,1
"sci_RNA_A_088_TCTATCGGTA",0,0,1
"sci_RNA_A_088_ATCCATCAGG",0,0,1
"sci_RNA_A_088_ACGCTTCTCT",0,0,1
"sci_RNA_A_088_CGTATTGAGA",0,0,1
"sci_RNA_A_089_CGTATTGAGA",0,0,1
"sci_RNA_A_090_TCCGCCGGTC",0,0,1
"sci_RNA_A_090_ACCAGTATAA",0,0,1
"sci_RNA_A_090_GGCTATTCGA",0,0,1
"sci_RNA_A_091_GATCCAGCGT",0,0,1
"sci_RNA_A_091_CGAATCTCCT",0,0,1
"sci_RNA_A_091_ATATGCCATC",0,0,1
"sci_RNA_A_091_TGAGACTCTA",0,0,1
"sci_RNA_A_092_ATCCATCAGG",0,0,1
"sci_RNA_A_092_TCCGCCGGTC",0,0,1
"sci_RNA_A_092_GATCCAGCGT",0,0,1
"sci_RNA_A_092_ACCAGTATAA",0,0,1
"sci_RNA_A_093_TAGCCAGCAA",0,0,1
"sci_RNA_A_093_GCGGCCAATC",0,0,1
"sci_RNA_A_093_GGCTATTCGA",0,0,1
"sci_RNA_A_094_GATCCAGCGT",0,0,1
"sci_RNA_A_094_ACGCTTCTCT",0,0,1
"sci_RNA_A_094_GCGGAGTCGA",0,0,1
"sci_RNA_A_094_GCGGCCAATC",0,0,1
"sci_RNA_A_094_GGCTCGAGAT",0,0,1
"sci_RNA_A_095_TCCGCCGGTC",0,0,1
"sci_RNA_A_095_CGAATCTCCT",0,0,1
"sci_RNA_A_095_GCGGAGTCGA",0,0,1
"sci_RNA_A_095_TAGCCAGCAA",0,0,1
"sci_RNA_A_096_GGCGGTTGAC",0,0,1
"sci_RNA_B_001_TCTATCGGTA",0,0,1
"sci_RNA_B_001_TAGCCAGCAA",0,0,1
"sci_RNA_B_001_ACGATAGACT",0,0,1
"sci_RNA_B_002_TCTATCGGTA",0,0,1
"sci_RNA_B_002_GCTCGAATCA",0,0,1
"sci_RNA_B_003_GCGGAGTCGA",0,0,1
"sci_RNA_B_003_GGCTATTCGA",0,0,1
"sci_RNA_B_003_CGTATTGAGA",0,0,1
"sci_RNA_B_004_TAGCCAGCAA",0,0,1
"sci_RNA_B_004_GGCTCGAGAT",0,0,1
"sci_RNA_B_005_TGCCTAACTT",0,0,1
"sci_RNA_B_005_TAGCCAGCAA",0,0,1
"sci_RNA_B_005_GGCTCGAGAT",0,0,1
"sci_RNA_B_005_GGCTATTCGA",0,0,1
"sci_RNA_B_006_TCTATCGGTA",0,0,1
"sci_RNA_B_007_GGCTATTCGA",0,0,1
"sci_RNA_B_007_CGTATTGAGA",0,0,1
"sci_RNA_B_008_ACGCTTCTCT",0,0,1
"sci_RNA_B_008_CTCGGAGCAA",0,0,1
"sci_RNA_B_008_TGAGACTCTA",0,0,1
"sci_RNA_B_009_TCTATCGGTA",0,0,1
"sci_RNA_B_009_CTCGGAGCAA",0,0,1
"sci_RNA_B_009_TGAGACTCTA",0,0,1
"sci_RNA_B_009_GGCTATTCGA",0,0,1
"sci_RNA_B_010_ATATGCCATC",0,0,1
"sci_RNA_B_010_TGAGACTCTA",0,0,1
"sci_RNA_B_011_AAGTACGTTA",0,0,1
"sci_RNA_B_011_TCTATCGGTA",0,0,1
"sci_RNA_B_013_AAGTACGTTA",0,0,1
"sci_RNA_B_013_TCCTCTCCGT",0,0,1
"sci_RNA_B_013_GGCTATTCGA",0,0,1
"sci_RNA_B_014_TGCCTAACTT",0,0,1
"sci_RNA_B_014_GATCCAGCGT",0,0,1
"sci_RNA_B_014_TCCTCTCCGT",0,0,1
"sci_RNA_B_015_TCTATCGGTA",0,0,1
"sci_RNA_B_015_GGCTATTCGA",0,0,1
"sci_RNA_B_016_GATCCAGCGT",0,0,1
"sci_RNA_B_016_CTCGGAGCAA",0,0,1
"sci_RNA_B_017_CGAATCTCCT",0,0,1
"sci_RNA_B_017_ATATGCCATC",0,0,1
"sci_RNA_B_019_ATATGCCATC",0,0,1
"sci_RNA_B_021_TCCGCCGGTC",0,0,1
"sci_RNA_B_021_GATCCAGCGT",0,0,1
"sci_RNA_B_021_GGCTATTCGA",0,0,1
"sci_RNA_B_021_ATTAACTTAA",0,0,1
"sci_RNA_B_022_CGTATTGAGA",0,0,1
"sci_RNA_B_023_TCTATCGGTA",0,0,1
"sci_RNA_B_023_TAGCCAGCAA",0,0,1
"sci_RNA_B_023_TCCTCTCCGT",0,0,1
"sci_RNA_B_023_TGAGACTCTA",0,0,1
"sci_RNA_B_024_GGCGGTTGAC",0,0,1
"sci_RNA_B_024_GGCTATTCGA",0,0,1
"sci_RNA_B_025_TGCCTAACTT",0,0,1
"sci_RNA_B_025_TAGCCAGCAA",0,0,1
"sci_RNA_B_025_GCGGCCAATC",0,0,1
"sci_RNA_B_026_TCTATCGGTA",0,0,1
"sci_RNA_B_026_ACGCTTCTCT",0,0,1
"sci_RNA_B_026_TCCTCTCCGT",0,0,1
"sci_RNA_B_027_CTCGGAGCAA",0,0,1
"sci_RNA_B_027_GCGGAGTCGA",0,0,1
"sci_RNA_B_027_ACGATAGACT",0,0,1
"sci_RNA_B_028_GCGGAGTCGA",0,0,1
"sci_RNA_B_028_ACGATAGACT",0,0,1
"sci_RNA_B_029_AAGTACGTTA",0,0,1
"sci_RNA_B_029_ACGATAGACT",0,0,1
"sci_RNA_B_030_GGCTCGAGAT",0,0,1
"sci_RNA_B_030_ACGATAGACT",0,0,1
"sci_RNA_B_031_GGCTCGAGAT",0,0,1
"sci_RNA_B_032_TGCCTAACTT",0,0,1
"sci_RNA_B_032_TAGCCAGCAA",0,0,1
"sci_RNA_B_033_TCTATCGGTA",0,0,1
"sci_RNA_B_033_ACGATAGACT",0,0,1
"sci_RNA_B_034_TCCGCCGGTC",0,0,1
"sci_RNA_B_035_TCCGCCGGTC",0,0,1
"sci_RNA_B_036_TCTATCGGTA",0,0,1
"sci_RNA_B_036_GGCGGTTGAC",0,0,1
"sci_RNA_B_036_GGCTATTCGA",0,0,1
"sci_RNA_B_037_GCGGCCAATC",0,0,1
"sci_RNA_B_039_TCTATCGGTA",0,0,1
"sci_RNA_B_039_ATTAACTTAA",0,0,1
"sci_RNA_B_040_TGCCTAACTT",0,0,1
"sci_RNA_B_040_CTCGGAGCAA",0,0,1
"sci_RNA_B_040_ACGATAGACT",0,0,1
"sci_RNA_B_041_ACGCTTCTCT",0,0,1
"sci_RNA_B_041_ATATGCCATC",0,0,1
"sci_RNA_B_041_GGCTCGAGAT",0,0,1
"sci_RNA_B_042_TCTATCGGTA",0,0,1
"sci_RNA_B_042_ATATGCCATC",0,0,1
"sci_RNA_B_042_ACGATAGACT",0,0,1
"sci_RNA_B_042_GGCTATTCGA",0,0,1
"sci_RNA_B_043_GGCGGTTGAC",0,0,1
"sci_RNA_B_043_GCGGCCAATC",0,0,1
"sci_RNA_B_043_ATTAACTTAA",0,0,1
"sci_RNA_B_044_TCCGCCGGTC",0,0,1
"sci_RNA_B_044_CGTATTGAGA",0,0,1
"sci_RNA_B_045_GCGGCCAATC",0,0,1
"sci_RNA_B_045_GGCTCGAGAT",0,0,1
"sci_RNA_B_045_CGTATTGAGA",0,0,1
"sci_RNA_B_046_ACCAGTATAA",0,0,1
"sci_RNA_B_046_TCCTCTCCGT",0,0,1
"sci_RNA_B_047_GATCCAGCGT",0,0,1
"sci_RNA_B_047_TGAGACTCTA",0,0,1
"sci_RNA_B_048_CGAATCTCCT",0,0,1
"sci_RNA_B_048_GGCTCGAGAT",0,0,1
"sci_RNA_B_049_TCTATCGGTA",0,0,1
"sci_RNA_B_049_GCGGAGTCGA",0,0,1
"sci_RNA_B_050_GATCCAGCGT",0,0,1
"sci_RNA_B_050_GCGGAGTCGA",0,0,1
"sci_RNA_B_050_ACGATAGACT",0,0,1
"sci_RNA_B_051_CGTATTGAGA",0,0,1
"sci_RNA_B_053_TCGGTAAGGC",0,0,1
"sci_RNA_B_053_GGCTATTCGA",0,0,1
"sci_RNA_B_054_GGCTATTCGA",0,0,1
"sci_RNA_B_054_CGTATTGAGA",0,0,1
"sci_RNA_B_055_TCTATCGGTA",0,0,1
"sci_RNA_B_055_TGAGACTCTA",0,0,1
"sci_RNA_B_056_TCTATCGGTA",0,0,1
"sci_RNA_B_056_ATATGCCATC",0,0,1
"sci_RNA_B_057_TCTATCGGTA",0,0,1
"sci_RNA_B_057_GGCTCGAGAT",0,0,1
"sci_RNA_B_057_GGCTATTCGA",0,0,1
"sci_RNA_B_057_ATTAACTTAA",0,0,1
"sci_RNA_B_057_CGTATTGAGA",0,0,1
"sci_RNA_B_059_TCTATCGGTA",0,0,1
"sci_RNA_B_059_CTCGGAGCAA",0,0,1
"sci_RNA_B_061_GCTCGAATCA",0,0,1
"sci_RNA_B_061_GGCTATTCGA",0,0,1
"sci_RNA_B_062_ATCCATCAGG",0,0,1
"sci_RNA_B_062_CGTATTGAGA",0,0,1
"sci_RNA_B_063_TCTATCGGTA",0,0,1
"sci_RNA_B_064_TCTATCGGTA",0,0,1
"sci_RNA_B_064_GATCCAGCGT",0,0,1
"sci_RNA_B_064_GGCGGTTGAC",0,0,1
"sci_RNA_B_064_ATATGCCATC",0,0,1
"sci_RNA_B_064_GCGGCCAATC",0,0,1
"sci_RNA_C_001_TCCGCCGGTC",0,0,1
"sci_RNA_C_002_TCTATCGGTA",0,0,1
"sci_RNA_C_002_TCCGCCGGTC",0,0,1
"sci_RNA_C_003_TCCTCTCCGT",0,0,1
"sci_RNA_C_003_GGCTATTCGA",0,0,1
"sci_RNA_C_004_ATATGCCATC",0,0,1
"sci_RNA_C_004_GCGGAGTCGA",0,0,1
"sci_RNA_C_005_TCTATCGGTA",0,0,1
"sci_RNA_C_005_TCCGCCGGTC",0,0,1
"sci_RNA_C_005_CTCGGAGCAA",0,0,1
"sci_RNA_C_005_TGAGACTCTA",0,0,1
"sci_RNA_C_006_CGAATCTCCT",0,0,1
"sci_RNA_C_006_ATATGCCATC",0,0,1
"sci_RNA_C_006_CGTATTGAGA",0,0,1
"sci_RNA_C_007_ACGCTTCTCT",0,0,1
"sci_RNA_C_007_CTCGGAGCAA",0,0,1
"sci_RNA_C_007_GCGGCCAATC",0,0,1
"sci_RNA_C_007_GGCTATTCGA",0,0,1
"sci_RNA_C_008_TGAGACTCTA",0,0,1
"sci_RNA_C_009_CTCGGAGCAA",0,0,1
"sci_RNA_C_009_GGCTATTCGA",0,0,1
"sci_RNA_C_009_CGTATTGAGA",0,0,1
"sci_RNA_C_010_TGCCTAACTT",0,0,1
"sci_RNA_C_011_ATATGCCATC",0,0,1
"sci_RNA_C_011_GGCTCGAGAT",0,0,1
"sci_RNA_C_012_CTCGGAGCAA",0,0,1
"sci_RNA_C_012_ACGATAGACT",0,0,1
"sci_RNA_C_012_GGCTATTCGA",0,0,1
"sci_RNA_C_013_GCGGCCAATC",0,0,1
"sci_RNA_C_014_AAGTACGTTA",0,0,1
"sci_RNA_C_015_AAGTACGTTA",0,0,1
"sci_RNA_C_016_TCGGTAAGGC",0,0,1
"sci_RNA_C_016_CGTATTGAGA",0,0,1
"sci_RNA_C_017_GGCTCGAGAT",0,0,1
"sci_RNA_C_018_TCCGCCGGTC",0,0,1
"sci_RNA_C_018_GATCCAGCGT",0,0,1
"sci_RNA_C_018_ATATGCCATC",0,0,1
"sci_RNA_C_019_TCTATCGGTA",0,0,1
"sci_RNA_C_020_GGCTCGAGAT",0,0,1
"sci_RNA_C_020_ACGATAGACT",0,0,1
"sci_RNA_C_021_TGCCTAACTT",0,0,1
"sci_RNA_C_021_GGCTCGAGAT",0,0,1
"sci_RNA_C_021_ACGATAGACT",0,0,1
"sci_RNA_C_022_ATTAACTTAA",0,0,1
"sci_RNA_C_023_AAGTACGTTA",0,0,1
"sci_RNA_C_023_TGCCTAACTT",0,0,1
"sci_RNA_C_024_CTCGGAGCAA",0,0,1
"sci_RNA_C_024_TCCTCTCCGT",0,0,1
"sci_RNA_C_025_TGCCTAACTT",0,0,1
"sci_RNA_C_025_GGCGGTTGAC",0,0,1
"sci_RNA_C_026_TCTATCGGTA",0,0,1
"sci_RNA_C_027_AAGTACGTTA",0,0,1
"sci_RNA_C_027_TCCGCCGGTC",0,0,1
"sci_RNA_C_027_CTCGGAGCAA",0,0,1
"sci_RNA_C_027_TAGCCAGCAA",0,0,1
"sci_RNA_C_027_GCGGCCAATC",0,0,1
"sci_RNA_C_027_ACGATAGACT",0,0,1
"sci_RNA_C_028_ACGCTTCTCT",0,0,1
"sci_RNA_C_028_CGAATCTCCT",0,0,1
"sci_RNA_C_028_ATATGCCATC",0,0,1
"sci_RNA_C_028_TCCTCTCCGT",0,0,1
"sci_RNA_C_029_TCTATCGGTA",0,0,1
"sci_RNA_C_029_CGAATCTCCT",0,0,1
"sci_RNA_C_029_TGAGACTCTA",0,0,1
"sci_RNA_C_029_ATTAACTTAA",0,0,1
"sci_RNA_C_030_TCCGCCGGTC",0,0,1
"sci_RNA_C_030_GATCCAGCGT",0,0,1
"sci_RNA_C_031_TAGCCAGCAA",0,0,1
"sci_RNA_C_031_GCGGCCAATC",0,0,1
"sci_RNA_C_032_TCTATCGGTA",0,0,1
"sci_RNA_C_032_GATCCAGCGT",0,0,1
"sci_RNA_C_032_CTCGGAGCAA",0,0,1
"sci_RNA_C_032_TGAGACTCTA",0,0,1
"sci_RNA_C_032_CGTATTGAGA",0,0,1
"sci_RNA_C_033_ATATGCCATC",0,0,1
"sci_RNA_C_034_ATCCATCAGG",0,0,1
"sci_RNA_C_035_TCTATCGGTA",0,0,1
"sci_RNA_C_035_TCCGCCGGTC",0,0,1
"sci_RNA_C_035_TAGCCAGCAA",0,0,1
"sci_RNA_C_035_TCCTCTCCGT",0,0,1
"sci_RNA_C_035_GGCTCGAGAT",0,0,1
"sci_RNA_C_036_GGCGGTTGAC",0,0,1
"sci_RNA_C_036_ACGCTTCTCT",0,0,1
"sci_RNA_C_036_TAGCCAGCAA",0,0,1
"sci_RNA_C_036_CGTATTGAGA",0,0,1
"sci_RNA_C_037_GCGGAGTCGA",0,0,1
"sci_RNA_C_037_GGCTCGAGAT",0,0,1
"sci_RNA_C_037_CGTATTGAGA",0,0,1
"sci_RNA_C_038_CGAATCTCCT",0,0,1
"sci_RNA_C_038_CGTATTGAGA",0,0,1
"sci_RNA_C_039_AAGTACGTTA",0,0,1
"sci_RNA_C_039_TCTATCGGTA",0,0,1
"sci_RNA_C_039_GATCCAGCGT",0,0,1
"sci_RNA_C_039_ACGATAGACT",0,0,1
"sci_RNA_C_039_GGCTATTCGA",0,0,1
"sci_RNA_C_039_CGTATTGAGA",0,0,1
"sci_RNA_C_040_CGAATCTCCT",0,0,1
"sci_RNA_C_041_TCTATCGGTA",0,0,1
"sci_RNA_C_043_TCTATCGGTA",0,0,1
"sci_RNA_C_043_ACGCTTCTCT",0,0,1
"sci_RNA_C_044_CGTATTGAGA",0,0,1
"sci_RNA_C_045_GGCTCGAGAT",0,0,1
"sci_RNA_C_047_AAGTACGTTA",0,0,1
"sci_RNA_C_047_TCTATCGGTA",0,0,1
"sci_RNA_C_047_TGCCTAACTT",0,0,1
"sci_RNA_C_048_GATCCAGCGT",0,0,1
"sci_RNA_C_048_CGAATCTCCT",0,0,1
"sci_RNA_C_048_CGTATTGAGA",0,0,1
"sci_RNA_C_049_AAGTACGTTA",0,0,1
"sci_RNA_C_049_CTCGGAGCAA",0,0,1
"sci_RNA_C_052_TCGGTAAGGC",0,0,1
"sci_RNA_C_052_GATCCAGCGT",0,0,1
"sci_RNA_C_053_GATCCAGCGT",0,0,1
"sci_RNA_C_053_CGAATCTCCT",0,0,1
"sci_RNA_C_053_ATATGCCATC",0,0,1
"sci_RNA_C_053_GGCTCGAGAT",0,0,1
"sci_RNA_C_054_GGCTCGAGAT",0,0,1
"sci_RNA_C_055_AAGTACGTTA",0,0,1
"sci_RNA_C_055_ATATGCCATC",0,0,1
"sci_RNA_C_055_TCCTCTCCGT",0,0,1
"sci_RNA_C_055_GCTCGAATCA",0,0,1
"sci_RNA_C_056_TGCCTAACTT",0,0,1
"sci_RNA_C_057_AAGTACGTTA",0,0,1
"sci_RNA_C_057_GCGGCCAATC",0,0,1
"sci_RNA_C_057_GGCTCGAGAT",0,0,1
"sci_RNA_C_058_CTCGGAGCAA",0,0,1
"sci_RNA_C_059_CTCGGAGCAA",0,0,1
"sci_RNA_C_059_ATTAACTTAA",0,0,1
"sci_RNA_C_061_GGCTCGAGAT",0,0,1
"sci_RNA_C_061_ACGATAGACT",0,0,1
"sci_RNA_C_062_CTCGGAGCAA",0,0,1
"sci_RNA_C_062_TCCTCTCCGT",0,0,1
"sci_RNA_C_062_CGTATTGAGA",0,0,1
"sci_RNA_C_063_AAGTACGTTA",0,0,1
"sci_RNA_C_063_GATCCAGCGT",0,0,1
"sci_RNA_C_063_ATATGCCATC",0,0,1
"sci_RNA_C_063_GCTCGAATCA",0,0,1
"sci_RNA_C_064_GGCGGTTGAC",0,0,1
"sci_RNA_C_064_TCCTCTCCGT",0,0,1
"sci_RNA_C_065_TAGCCAGCAA",0,0,1
"sci_RNA_C_065_GCGGCCAATC",0,0,1
"sci_RNA_C_065_GGCTATTCGA",0,0,1
"sci_RNA_C_067_AAGTACGTTA",0,0,1
"sci_RNA_C_067_TCTATCGGTA",0,0,1
"sci_RNA_C_068_TAGCCAGCAA",0,0,1
"sci_RNA_C_068_GGCTATTCGA",0,0,1
"sci_RNA_C_069_TCTATCGGTA",0,0,1
"sci_RNA_C_069_GATCCAGCGT",0,0,1
"sci_RNA_C_069_CTCGGAGCAA",0,0,1
"sci_RNA_C_069_GGCTCGAGAT",0,0,1
"sci_RNA_C_070_TCCGCCGGTC",0,0,1
"sci_RNA_C_070_TAGCCAGCAA",0,0,1
"sci_RNA_C_070_TGAGACTCTA",0,0,1
"sci_RNA_C_070_CGTATTGAGA",0,0,1
"sci_RNA_C_071_TCCTCTCCGT",0,0,1
"sci_RNA_C_071_GCTCGAATCA",0,0,1
"sci_RNA_C_072_GCGGCCAATC",0,0,1
"sci_RNA_C_072_CGTATTGAGA",0,0,1
"sci_RNA_C_074_AAGTACGTTA",0,0,1
"sci_RNA_C_074_ACGCTTCTCT",0,0,1
"sci_RNA_C_074_ATATGCCATC",0,0,1
"sci_RNA_C_074_GGCTCGAGAT",0,0,1
"sci_RNA_C_075_ACGATAGACT",0,0,1
"sci_RNA_C_076_ATATGCCATC",0,0,1
"sci_RNA_C_076_TGAGACTCTA",0,0,1
"sci_RNA_C_076_CGTATTGAGA",0,0,1
"sci_RNA_C_077_AAGTACGTTA",0,0,1
"sci_RNA_C_077_TCTATCGGTA",0,0,1
"sci_RNA_C_078_ATATGCCATC",0,0,1
"sci_RNA_C_078_TAGCCAGCAA",0,0,1
"sci_RNA_C_078_GGCTATTCGA",0,0,1
"sci_RNA_C_080_ATATGCCATC",0,0,1
"sci_RNA_C_081_CTCGGAGCAA",0,0,1
"sci_RNA_C_081_TAGCCAGCAA",0,0,1
"sci_RNA_C_081_TCCTCTCCGT",0,0,1
"sci_RNA_C_082_ATTAACTTAA",0,0,1
"sci_RNA_C_083_TCCGCCGGTC",0,0,1
"sci_RNA_C_084_TAGCCAGCAA",0,0,1
"sci_RNA_C_084_TCCTCTCCGT",0,0,1
"sci_RNA_C_084_GCGGCCAATC",0,0,1
"sci_RNA_C_085_TCCGCCGGTC",0,0,1
"sci_RNA_C_085_GGCGGTTGAC",0,0,1
"sci_RNA_C_085_TAGCCAGCAA",0,0,1
"sci_RNA_C_088_TGAGACTCTA",0,0,1
"sci_RNA_C_089_ATCCATCAGG",0,0,1
"sci_RNA_C_089_TCCGCCGGTC",0,0,1
"sci_RNA_C_089_GGCGGTTGAC",0,0,1
"sci_RNA_C_089_GGCTCGAGAT",0,0,1
"sci_RNA_C_089_TGAGACTCTA",0,0,1
"sci_RNA_C_090_TGCCTAACTT",0,0,1
"sci_RNA_C_090_ACGCTTCTCT",0,0,1
"sci_RNA_C_090_GCGGCCAATC",0,0,1
"sci_RNA_C_090_GGCTATTCGA",0,0,1
"sci_RNA_C_090_CGTATTGAGA",0,0,1
"sci_RNA_C_091_TCTATCGGTA",0,0,1
"sci_RNA_C_091_TCCGCCGGTC",0,0,1
"sci_RNA_C_091_GGCTCGAGAT",0,0,1
"sci_RNA_C_091_TGAGACTCTA",0,0,1
"sci_RNA_C_091_ATTAACTTAA",0,0,1
"sci_RNA_C_094_TCCGCCGGTC",0,0,1
"sci_RNA_C_094_GATCCAGCGT",0,0,1
"sci_RNA_C_094_CTCGGAGCAA",0,0,1
"sci_RNA_C_094_GGCTCGAGAT",0,0,1
"sci_RNA_C_094_GGCTATTCGA",0,0,1
"sci_RNA_C_094_CGTATTGAGA",0,0,1
"sci_RNA_C_095_TAGCCAGCAA",0,0,1
"sci_RNA_C_096_ACGATAGACT",0,0,1
"sci_RNA_C_096_GGCTATTCGA",0,0,1
"sci_RNA_D_001_ATATGCCATC",0,0,1
"sci_RNA_D_001_TAGCCAGCAA",0,0,1
"sci_RNA_D_002_GCGGAGTCGA",0,0,1
"sci_RNA_D_002_CGTATTGAGA",0,0,1
"sci_RNA_D_003_CGAATCTCCT",0,0,1
"sci_RNA_D_003_GCGGAGTCGA",0,0,1
"sci_RNA_D_004_GCGGAGTCGA",0,0,1
"sci_RNA_D_004_CGTATTGAGA",0,0,1
"sci_RNA_D_005_ACGATAGACT",0,0,1
"sci_RNA_D_006_GATCCAGCGT",0,0,1
"sci_RNA_D_006_ACGATAGACT",0,0,1
"sci_RNA_D_006_GGCTATTCGA",0,0,1
"sci_RNA_D_007_TCTATCGGTA",0,0,1
"sci_RNA_D_007_GGCGGTTGAC",0,0,1
"sci_RNA_D_007_ACGCTTCTCT",0,0,1
"sci_RNA_D_007_CTCGGAGCAA",0,0,1
"sci_RNA_D_007_TCCTCTCCGT",0,0,1
"sci_RNA_D_008_GGCTATTCGA",0,0,1
"sci_RNA_D_008_CGTATTGAGA",0,0,1
"sci_RNA_D_009_TCCGCCGGTC",0,0,1
"sci_RNA_D_009_GGCGGTTGAC",0,0,1
"sci_RNA_D_009_CTCGGAGCAA",0,0,1
"sci_RNA_D_010_ACGCTTCTCT",0,0,1
"sci_RNA_D_010_ATATGCCATC",0,0,1
"sci_RNA_D_010_GGCTCGAGAT",0,0,1
"sci_RNA_D_011_GCGGAGTCGA",0,0,1
"sci_RNA_D_012_TCTATCGGTA",0,0,1
"sci_RNA_D_012_TGCCTAACTT",0,0,1
"sci_RNA_D_012_GATCCAGCGT",0,0,1
"sci_RNA_D_012_GCGGCCAATC",0,0,1
"sci_RNA_D_012_GGCTCGAGAT",0,0,1
"sci_RNA_D_012_ATTAACTTAA",0,0,1
"sci_RNA_D_013_TAGCCAGCAA",0,0,1
"sci_RNA_D_013_ACGATAGACT",0,0,1
"sci_RNA_D_014_TCCGCCGGTC",0,0,1
"sci_RNA_D_014_GGCTATTCGA",0,0,1
"sci_RNA_D_015_ATCCATCAGG",0,0,1
"sci_RNA_D_015_ATATGCCATC",0,0,1
"sci_RNA_D_016_ACGCTTCTCT",0,0,1
"sci_RNA_D_016_ATATGCCATC",0,0,1
"sci_RNA_D_016_CGTATTGAGA",0,0,1
"sci_RNA_D_017_CGTATTGAGA",0,0,1
"sci_RNA_D_018_TCCGCCGGTC",0,0,1
"sci_RNA_D_018_TGCCTAACTT",0,0,1
"sci_RNA_D_018_GGCTCGAGAT",0,0,1
"sci_RNA_D_019_TCTATCGGTA",0,0,1
"sci_RNA_D_019_CTCGGAGCAA",0,0,1
"sci_RNA_D_019_GGCTCGAGAT",0,0,1
"sci_RNA_D_019_ACGATAGACT",0,0,1
"sci_RNA_D_020_CTCGGAGCAA",0,0,1
"sci_RNA_D_020_ATATGCCATC",0,0,1
"sci_RNA_D_020_TGAGACTCTA",0,0,1
"sci_RNA_D_020_GGCTATTCGA",0,0,1
"sci_RNA_D_021_ATCCATCAGG",0,0,1
"sci_RNA_D_021_ACGATAGACT",0,0,1
"sci_RNA_D_021_TGAGACTCTA",0,0,1
"sci_RNA_D_022_GGCGGTTGAC",0,0,1
"sci_RNA_D_022_GGCTATTCGA",0,0,1
"sci_RNA_D_023_TCTATCGGTA",0,0,1
"sci_RNA_D_023_GGCTCGAGAT",0,0,1
"sci_RNA_D_026_ACGATAGACT",0,0,1
"sci_RNA_D_027_GCGGCCAATC",0,0,1
"sci_RNA_D_027_TGAGACTCTA",0,0,1
"sci_RNA_D_027_ATTAACTTAA",0,0,1
"sci_RNA_D_028_GATCCAGCGT",0,0,1
"sci_RNA_D_028_CGAATCTCCT",0,0,1
"sci_RNA_D_028_CGTATTGAGA",0,0,1
"sci_RNA_D_029_TAGCCAGCAA",0,0,1
"sci_RNA_D_029_TGAGACTCTA",0,0,1
"sci_RNA_D_030_GGCGGTTGAC",0,0,1
"sci_RNA_D_030_GCGGAGTCGA",0,0,1
"sci_RNA_D_030_TAGCCAGCAA",0,0,1
"sci_RNA_D_030_GGCTATTCGA",0,0,1
"sci_RNA_D_031_TCTATCGGTA",0,0,1
"sci_RNA_D_031_GATCCAGCGT",0,0,1
"sci_RNA_D_031_TAGCCAGCAA",0,0,1
"sci_RNA_D_031_CGTATTGAGA",0,0,1
"sci_RNA_D_032_GATCCAGCGT",0,0,1
"sci_RNA_D_032_ACGCTTCTCT",0,0,1
"sci_RNA_D_032_ATATGCCATC",0,0,1
"sci_RNA_D_032_GGCTCGAGAT",0,0,1
"sci_RNA_D_033_AAGTACGTTA",0,0,1
"sci_RNA_D_033_GGCGGTTGAC",0,0,1
"sci_RNA_D_033_ATTAACTTAA",0,0,1
"sci_RNA_D_035_TGCCTAACTT",0,0,1
"sci_RNA_D_035_CTCGGAGCAA",0,0,1
"sci_RNA_D_036_AAGTACGTTA",0,0,1
"sci_RNA_D_036_CTCGGAGCAA",0,0,1
"sci_RNA_D_037_TGCCTAACTT",0,0,1
"sci_RNA_D_038_TAGCCAGCAA",0,0,1
"sci_RNA_D_038_GCGGCCAATC",0,0,1
"sci_RNA_D_038_GGCTCGAGAT",0,0,1
"sci_RNA_D_039_GATCCAGCGT",0,0,1
"sci_RNA_D_040_AAGTACGTTA",0,0,1
"sci_RNA_D_040_GATCCAGCGT",0,0,1
"sci_RNA_D_040_GCGGCCAATC",0,0,1
"sci_RNA_D_040_GGCTCGAGAT",0,0,1
"sci_RNA_D_041_TCCGCCGGTC",0,0,1
"sci_RNA_D_042_TCCGCCGGTC",0,0,1
"sci_RNA_D_042_TCCTCTCCGT",0,0,1
"sci_RNA_D_044_GCGGAGTCGA",0,0,1
"sci_RNA_D_045_GGCGGTTGAC",0,0,1
"sci_RNA_D_045_CGTATTGAGA",0,0,1
"sci_RNA_D_046_CGAATCTCCT",0,0,1
"sci_RNA_D_046_GCGGCCAATC",0,0,1
"sci_RNA_D_047_TCTATCGGTA",0,0,1
"sci_RNA_D_048_TCCGCCGGTC",0,0,1
"sci_RNA_D_048_CGAATCTCCT",0,0,1
"sci_RNA_D_049_TCCGCCGGTC",0,0,1
"sci_RNA_D_049_ATATGCCATC",0,0,1
"sci_RNA_D_049_TAGCCAGCAA",0,0,1
"sci_RNA_D_049_ACGATAGACT",0,0,1
"sci_RNA_D_049_TGAGACTCTA",0,0,1
"sci_RNA_D_050_AAGTACGTTA",0,0,1
"sci_RNA_D_050_CGAATCTCCT",0,0,1
"sci_RNA_D_050_CTCGGAGCAA",0,0,1
"sci_RNA_D_050_ATATGCCATC",0,0,1
"sci_RNA_D_050_GGCTCGAGAT",0,0,1
"sci_RNA_D_051_TAGCCAGCAA",0,0,1
"sci_RNA_D_051_GGCTCGAGAT",0,0,1
"sci_RNA_D_052_ACGCTTCTCT",0,0,1
"sci_RNA_D_052_ATATGCCATC",0,0,1
"sci_RNA_D_052_GCTCGAATCA",0,0,1
"sci_RNA_D_053_TGCCTAACTT",0,0,1
"sci_RNA_D_053_CTCGGAGCAA",0,0,1
"sci_RNA_D_053_ATATGCCATC",0,0,1
"sci_RNA_D_054_TGCCTAACTT",0,0,1
"sci_RNA_D_054_GGCGGTTGAC",0,0,1
"sci_RNA_D_054_TGAGACTCTA",0,0,1
"sci_RNA_D_054_GGCTATTCGA",0,0,1
"sci_RNA_D_055_TCTATCGGTA",0,0,1
"sci_RNA_D_055_GCGGCCAATC",0,0,1
"sci_RNA_D_055_GGCTATTCGA",0,0,1
"sci_RNA_D_055_CGTATTGAGA",0,0,1
"sci_RNA_D_056_GCGGAGTCGA",0,0,1
"sci_RNA_D_056_TAGCCAGCAA",0,0,1
"sci_RNA_D_057_CGAATCTCCT",0,0,1
"sci_RNA_D_058_GGCGGTTGAC",0,0,1
"sci_RNA_D_058_CTCGGAGCAA",0,0,1
"sci_RNA_D_058_GCGGCCAATC",0,0,1
"sci_RNA_D_059_TGCCTAACTT",0,0,1
"sci_RNA_D_059_CTCGGAGCAA",0,0,1
"sci_RNA_D_059_TGAGACTCTA",0,0,1
"sci_RNA_D_060_ACGATAGACT",0,0,1
"sci_RNA_D_061_TCTATCGGTA",0,0,1
"sci_RNA_D_061_TCCGCCGGTC",0,0,1
"sci_RNA_D_061_ATATGCCATC",0,0,1
"sci_RNA_D_061_GCGGCCAATC",0,0,1
"sci_RNA_D_061_ACGATAGACT",0,0,1
"sci_RNA_D_061_TGAGACTCTA",0,0,1
"sci_RNA_D_061_CGTATTGAGA",0,0,1
"sci_RNA_D_063_TCCGCCGGTC",0,0,1
"sci_RNA_D_063_TCCTCTCCGT",0,0,1
"sci_RNA_D_063_TGAGACTCTA",0,0,1
"sci_RNA_D_064_TCGGTAAGGC",0,0,1
"sci_RNA_D_064_TAGCCAGCAA",0,0,1
"sci_RNA_D_064_ACGATAGACT",0,0,1
"sci_RNA_D_065_ATCCATCAGG",0,0,1
"sci_RNA_D_065_TCCGCCGGTC",0,0,1
"sci_RNA_D_065_TAGCCAGCAA",0,0,1
"sci_RNA_D_066_GCGGAGTCGA",0,0,1
"sci_RNA_D_067_GATCCAGCGT",0,0,1
"sci_RNA_D_069_ACGCTTCTCT",0,0,1
"sci_RNA_D_069_ACGATAGACT",0,0,1
"sci_RNA_D_071_AAGTACGTTA",0,0,1
"sci_RNA_D_071_ATATGCCATC",0,0,1
"sci_RNA_D_071_GCGGCCAATC",0,0,1
"sci_RNA_D_072_AAGTACGTTA",0,0,1
"sci_RNA_D_072_GCGGCCAATC",0,0,1
"sci_RNA_D_072_TGAGACTCTA",0,0,1
"sci_RNA_D_072_GGCTATTCGA",0,0,1
"sci_RNA_D_073_GATCCAGCGT",0,0,1
"sci_RNA_D_073_CTCGGAGCAA",0,0,1
"sci_RNA_D_073_CGTATTGAGA",0,0,1
"sci_RNA_D_074_TCTATCGGTA",0,0,1
"sci_RNA_D_074_CGAATCTCCT",0,0,1
"sci_RNA_D_075_GCGGCCAATC",0,0,1
"sci_RNA_D_075_ATTAACTTAA",0,0,1
"sci_RNA_D_076_CGAATCTCCT",0,0,1
"sci_RNA_D_076_GGCTCGAGAT",0,0,1
"sci_RNA_D_077_AAGTACGTTA",0,0,1
"sci_RNA_D_077_TCCGCCGGTC",0,0,1
"sci_RNA_D_077_GCGGAGTCGA",0,0,1
"sci_RNA_D_077_TGAGACTCTA",0,0,1
"sci_RNA_D_078_GGCGGTTGAC",0,0,1
"sci_RNA_D_078_GCGGAGTCGA",0,0,1
"sci_RNA_D_078_TAGCCAGCAA",0,0,1
"sci_RNA_D_079_GGCGGTTGAC",0,0,1
"sci_RNA_D_079_TCCTCTCCGT",0,0,1
"sci_RNA_D_080_GGCTCGAGAT",0,0,1
"sci_RNA_D_080_ATTAACTTAA",0,0,1
"sci_RNA_D_082_AAGTACGTTA",0,0,1
"sci_RNA_D_082_ATCCATCAGG",0,0,1
"sci_RNA_D_082_TCCGCCGGTC",0,0,1
"sci_RNA_D_082_ATATGCCATC",0,0,1
"sci_RNA_D_082_TAGCCAGCAA",0,0,1
"sci_RNA_D_082_GCGGCCAATC",0,0,1
"sci_RNA_D_083_CGAATCTCCT",0,0,1
"sci_RNA_D_083_TAGCCAGCAA",0,0,1
"sci_RNA_D_083_TCCTCTCCGT",0,0,1
"sci_RNA_D_084_TCCGCCGGTC",0,0,1
"sci_RNA_D_084_ATATGCCATC",0,0,1
"sci_RNA_D_084_GGCTATTCGA",0,0,1
"sci_RNA_D_085_TCCGCCGGTC",0,0,1
"sci_RNA_D_085_GCGGCCAATC",0,0,1
"sci_RNA_D_085_ACGATAGACT",0,0,1
"sci_RNA_D_086_TCTATCGGTA",0,0,1
"sci_RNA_D_086_TGCCTAACTT",0,0,1
"sci_RNA_D_086_GCGGAGTCGA",0,0,1
"sci_RNA_D_086_TCCTCTCCGT",0,0,1
"sci_RNA_D_087_GGCTATTCGA",0,0,1
"sci_RNA_D_088_AAGTACGTTA",0,0,1
"sci_RNA_D_088_TCCGCCGGTC",0,0,1
"sci_RNA_D_089_TCCGCCGGTC",0,0,1
"sci_RNA_D_089_CTCGGAGCAA",0,0,1
"sci_RNA_D_089_GGCTCGAGAT",0,0,1
"sci_RNA_D_089_TGAGACTCTA",0,0,1
"sci_RNA_D_090_GGCGGTTGAC",0,0,1
"sci_RNA_D_090_TAGCCAGCAA",0,0,1
"sci_RNA_D_091_AAGTACGTTA",0,0,1
"sci_RNA_D_091_ACGATAGACT",0,0,1
"sci_RNA_D_091_TGAGACTCTA",0,0,1
"sci_RNA_D_092_AAGTACGTTA",0,0,1
"sci_RNA_D_092_ATCCATCAGG",0,0,1
"sci_RNA_D_092_TCCGCCGGTC",0,0,1
"sci_RNA_D_092_TCCTCTCCGT",0,0,1
"sci_RNA_D_092_ACGATAGACT",0,0,1
"sci_RNA_D_093_CGAATCTCCT",0,0,1
"sci_RNA_D_093_GGCTCGAGAT",0,0,1
"sci_RNA_D_093_TGAGACTCTA",0,0,1
"sci_RNA_D_094_AAGTACGTTA",0,0,1
"sci_RNA_D_094_TCTATCGGTA",0,0,1
"sci_RNA_D_094_ATCCATCAGG",0,0,1
"sci_RNA_D_094_TGAGACTCTA",0,0,1
"sci_RNA_D_095_TAGCCAGCAA",0,0,1
"sci_RNA_D_096_GGCTCGAGAT",0,0,1
"sci_RNA_D_096_CGTATTGAGA",0,0,1
"sci_RNA_E_001_GGCGGTTGAC",0,0,1
"sci_RNA_E_001_CTCGGAGCAA",0,0,1
"sci_RNA_E_002_GGCTCGAGAT",0,0,1
"sci_RNA_E_002_ACGATAGACT",0,0,1
"sci_RNA_E_004_CGAATCTCCT",0,0,1
"sci_RNA_E_004_ATATGCCATC",0,0,1
"sci_RNA_E_004_GCGGAGTCGA",0,0,1
"sci_RNA_E_004_TCCTCTCCGT",0,0,1
"sci_RNA_E_004_ACGATAGACT",0,0,1
"sci_RNA_E_004_TGAGACTCTA",0,0,1
"sci_RNA_E_004_ATTAACTTAA",0,0,1
"sci_RNA_E_005_TCTATCGGTA",0,0,1
"sci_RNA_E_005_TGCCTAACTT",0,0,1
"sci_RNA_E_005_GGCTCGAGAT",0,0,1
"sci_RNA_E_005_ATTAACTTAA",0,0,1
"sci_RNA_E_007_ACGATAGACT",0,0,1
"sci_RNA_E_008_ACGCTTCTCT",0,0,1
"sci_RNA_E_008_GGCTATTCGA",0,0,1
"sci_RNA_E_009_GATCCAGCGT",0,0,1
"sci_RNA_E_009_CGAATCTCCT",0,0,1
"sci_RNA_E_010_ATATGCCATC",0,0,1
"sci_RNA_E_011_TCCGCCGGTC",0,0,1
"sci_RNA_E_011_GCGGAGTCGA",0,0,1
"sci_RNA_E_012_CTCGGAGCAA",0,0,1
"sci_RNA_E_012_GCGGCCAATC",0,0,1
"sci_RNA_E_012_ACGATAGACT",0,0,1
"sci_RNA_E_013_ATATGCCATC",0,0,1
"sci_RNA_E_014_TCCGCCGGTC",0,0,1
"sci_RNA_E_014_GGCTATTCGA",0,0,1
"sci_RNA_E_015_GGCGGTTGAC",0,0,1
"sci_RNA_E_015_CGAATCTCCT",0,0,1
"sci_RNA_E_015_TAGCCAGCAA",0,0,1
"sci_RNA_E_016_GGCGGTTGAC",0,0,1
"sci_RNA_E_017_ACGCTTCTCT",0,0,1
"sci_RNA_E_017_CTCGGAGCAA",0,0,1
"sci_RNA_E_017_ATATGCCATC",0,0,1
"sci_RNA_E_017_GCTCGAATCA",0,0,1
"sci_RNA_E_017_ACGATAGACT",0,0,1
"sci_RNA_E_017_TGAGACTCTA",0,0,1
"sci_RNA_E_017_GGCTATTCGA",0,0,1
"sci_RNA_E_018_TCTATCGGTA",0,0,1
"sci_RNA_E_018_ATCCATCAGG",0,0,1
"sci_RNA_E_018_TAGCCAGCAA",0,0,1
"sci_RNA_E_019_CGAATCTCCT",0,0,1
"sci_RNA_E_019_TAGCCAGCAA",0,0,1
"sci_RNA_E_019_GGCTCGAGAT",0,0,1
"sci_RNA_E_019_TGAGACTCTA",0,0,1
"sci_RNA_E_019_CGTATTGAGA",0,0,1
"sci_RNA_E_020_TCCGCCGGTC",0,0,1
"sci_RNA_E_020_CTCGGAGCAA",0,0,1
"sci_RNA_E_020_CGTATTGAGA",0,0,1
"sci_RNA_E_021_TCCGCCGGTC",0,0,1
"sci_RNA_E_021_TCCTCTCCGT",0,0,1
"sci_RNA_E_021_GGCTCGAGAT",0,0,1
"sci_RNA_E_022_TCCTCTCCGT",0,0,1
"sci_RNA_E_022_GGCTATTCGA",0,0,1
"sci_RNA_E_023_AAGTACGTTA",0,0,1
"sci_RNA_E_023_GATCCAGCGT",0,0,1
"sci_RNA_E_023_GCGGCCAATC",0,0,1
"sci_RNA_E_023_ACGATAGACT",0,0,1
"sci_RNA_E_024_ATCCATCAGG",0,0,1
"sci_RNA_E_024_TCCGCCGGTC",0,0,1
"sci_RNA_E_025_GATCCAGCGT",0,0,1
"sci_RNA_E_025_TAGCCAGCAA",0,0,1
"sci_RNA_E_025_TGAGACTCTA",0,0,1
"sci_RNA_E_025_CGTATTGAGA",0,0,1
"sci_RNA_E_026_AAGTACGTTA",0,0,1
"sci_RNA_E_026_TGCCTAACTT",0,0,1
"sci_RNA_E_026_GGCTCGAGAT",0,0,1
"sci_RNA_E_027_ACGCTTCTCT",0,0,1
"sci_RNA_E_027_TAGCCAGCAA",0,0,1
"sci_RNA_E_027_GGCTCGAGAT",0,0,1
"sci_RNA_E_027_ATTAACTTAA",0,0,1
"sci_RNA_E_028_AAGTACGTTA",0,0,1
"sci_RNA_E_028_TCCGCCGGTC",0,0,1
"sci_RNA_E_028_GATCCAGCGT",0,0,1
"sci_RNA_E_028_GGCGGTTGAC",0,0,1
"sci_RNA_E_028_GCGGAGTCGA",0,0,1
"sci_RNA_E_029_TAGCCAGCAA",0,0,1
"sci_RNA_E_029_GCGGCCAATC",0,0,1
"sci_RNA_E_030_TCTATCGGTA",0,0,1
"sci_RNA_E_031_CTCGGAGCAA",0,0,1
"sci_RNA_E_031_TGAGACTCTA",0,0,1
"sci_RNA_E_031_GGCTATTCGA",0,0,1
"sci_RNA_E_032_ATCCATCAGG",0,0,1
"sci_RNA_E_032_TCCGCCGGTC",0,0,1
"sci_RNA_E_032_GGCTATTCGA",0,0,1
"sci_RNA_E_033_ATTAACTTAA",0,0,1
"sci_RNA_E_034_TCCGCCGGTC",0,0,1
"sci_RNA_E_034_ATATGCCATC",0,0,1
"sci_RNA_E_035_ACCAGTATAA",0,0,1
"sci_RNA_E_035_GGCTCGAGAT",0,0,1
"sci_RNA_E_035_ACGATAGACT",0,0,1
"sci_RNA_E_036_AAGTACGTTA",0,0,1
"sci_RNA_E_036_TGCCTAACTT",0,0,1
"sci_RNA_E_036_GGCGGTTGAC",0,0,1
"sci_RNA_E_036_TCCTCTCCGT",0,0,1
"sci_RNA_E_036_GCGGCCAATC",0,0,1
"sci_RNA_E_036_ACGATAGACT",0,0,1
"sci_RNA_E_036_CGTATTGAGA",0,0,1
"sci_RNA_E_037_GATCCAGCGT",0,0,1
"sci_RNA_E_037_ACGATAGACT",0,0,1
"sci_RNA_E_037_GGCTATTCGA",0,0,1
"sci_RNA_E_038_GCTCGAATCA",0,0,1
"sci_RNA_E_039_GCGGAGTCGA",0,0,1
"sci_RNA_E_039_TAGCCAGCAA",0,0,1
"sci_RNA_E_040_TCCGCCGGTC",0,0,1
"sci_RNA_E_040_CTCGGAGCAA",0,0,1
"sci_RNA_E_040_GGCTATTCGA",0,0,1
"sci_RNA_E_041_TGCCTAACTT",0,0,1
"sci_RNA_E_041_ATATGCCATC",0,0,1
"sci_RNA_E_041_GCTCGAATCA",0,0,1
"sci_RNA_E_041_GGCTCGAGAT",0,0,1
"sci_RNA_E_041_GGCTATTCGA",0,0,1
"sci_RNA_E_042_ATCCATCAGG",0,0,1
"sci_RNA_E_042_GATCCAGCGT",0,0,1
"sci_RNA_E_042_TAGCCAGCAA",0,0,1
"sci_RNA_E_042_TCCTCTCCGT",0,0,1
"sci_RNA_E_043_GGCTCGAGAT",0,0,1
"sci_RNA_E_043_ATTAACTTAA",0,0,1
"sci_RNA_E_044_TCTATCGGTA",0,0,1
"sci_RNA_E_044_ACGCTTCTCT",0,0,1
"sci_RNA_E_044_GCTCGAATCA",0,0,1
"sci_RNA_E_044_GCGGCCAATC",0,0,1
"sci_RNA_E_044_GGCTCGAGAT",0,0,1
"sci_RNA_E_044_TGAGACTCTA",0,0,1
"sci_RNA_E_045_CGAATCTCCT",0,0,1
"sci_RNA_E_045_CTCGGAGCAA",0,0,1
"sci_RNA_E_045_GCGGAGTCGA",0,0,1
"sci_RNA_E_045_CGTATTGAGA",0,0,1
"sci_RNA_E_046_GGCGGTTGAC",0,0,1
"sci_RNA_E_046_CTCGGAGCAA",0,0,1
"sci_RNA_E_046_ATATGCCATC",0,0,1
"sci_RNA_E_046_TCCTCTCCGT",0,0,1
"sci_RNA_E_046_CGTATTGAGA",0,0,1
"sci_RNA_E_047_TCCGCCGGTC",0,0,1
"sci_RNA_E_047_GCGGCCAATC",0,0,1
"sci_RNA_E_047_ACGATAGACT",0,0,1
"sci_RNA_E_048_AAGTACGTTA",0,0,1
"sci_RNA_E_048_CTCGGAGCAA",0,0,1
"sci_RNA_E_048_ATATGCCATC",0,0,1
"sci_RNA_E_048_TAGCCAGCAA",0,0,1
"sci_RNA_E_048_ACGATAGACT",0,0,1
"sci_RNA_E_049_TCCGCCGGTC",0,0,1
"sci_RNA_E_049_GGCTCGAGAT",0,0,1
"sci_RNA_E_049_TGAGACTCTA",0,0,1
"sci_RNA_E_049_CGTATTGAGA",0,0,1
"sci_RNA_E_051_GATCCAGCGT",0,0,1
"sci_RNA_E_051_GCGGCCAATC",0,0,1
"sci_RNA_E_052_TCTATCGGTA",0,0,1
"sci_RNA_E_052_TGCCTAACTT",0,0,1
"sci_RNA_E_052_GGCGGTTGAC",0,0,1
"sci_RNA_E_052_ACGATAGACT",0,0,1
"sci_RNA_E_053_CTCGGAGCAA",0,0,1
"sci_RNA_E_053_GCGGCCAATC",0,0,1
"sci_RNA_E_053_GGCTATTCGA",0,0,1
"sci_RNA_E_054_TCTATCGGTA",0,0,1
"sci_RNA_E_054_GATCCAGCGT",0,0,1
"sci_RNA_E_054_TAGCCAGCAA",0,0,1
"sci_RNA_E_054_TGAGACTCTA",0,0,1
"sci_RNA_E_057_CGAATCTCCT",0,0,1
"sci_RNA_E_058_AAGTACGTTA",0,0,1
"sci_RNA_E_058_TCTATCGGTA",0,0,1
"sci_RNA_E_058_TCCGCCGGTC",0,0,1
"sci_RNA_E_058_GCGGAGTCGA",0,0,1
"sci_RNA_E_058_CGTATTGAGA",0,0,1
"sci_RNA_E_059_ATCCATCAGG",0,0,1
"sci_RNA_E_059_CTCGGAGCAA",0,0,1
"sci_RNA_E_060_TCTATCGGTA",0,0,1
"sci_RNA_E_060_ACGCTTCTCT",0,0,1
"sci_RNA_E_060_CGTATTGAGA",0,0,1
"sci_RNA_E_061_GCGGCCAATC",0,0,1
"sci_RNA_E_061_ACGATAGACT",0,0,1
"sci_RNA_E_061_TGAGACTCTA",0,0,1
"sci_RNA_E_061_GGCTATTCGA",0,0,1
"sci_RNA_E_062_TCCGCCGGTC",0,0,1
"sci_RNA_E_062_GCGGAGTCGA",0,0,1
"sci_RNA_E_063_TCGGTAAGGC",0,0,1
"sci_RNA_E_063_TCCTCTCCGT",0,0,1
"sci_RNA_E_063_GGCTCGAGAT",0,0,1
"sci_RNA_E_064_ATATGCCATC",0,0,1
"sci_RNA_E_064_GCGGAGTCGA",0,0,1
"sci_RNA_E_064_ACGATAGACT",0,0,1
"sci_RNA_E_065_TCTATCGGTA",0,0,1
"sci_RNA_E_065_GATCCAGCGT",0,0,1
"sci_RNA_E_066_CTCGGAGCAA",0,0,1
"sci_RNA_E_066_ATATGCCATC",0,0,1
"sci_RNA_E_066_GGCTATTCGA",0,0,1
"sci_RNA_E_067_TCTATCGGTA",0,0,1
"sci_RNA_E_068_TCGGTAAGGC",0,0,1
"sci_RNA_E_068_CGAATCTCCT",0,0,1
"sci_RNA_E_069_TCCGCCGGTC",0,0,1
"sci_RNA_E_069_TCGGTAAGGC",0,0,1
"sci_RNA_E_069_GCGGCCAATC",0,0,1
"sci_RNA_E_069_CGTATTGAGA",0,0,1
"sci_RNA_E_070_TCTATCGGTA",0,0,1
"sci_RNA_E_070_TGCCTAACTT",0,0,1
"sci_RNA_E_070_CGAATCTCCT",0,0,1
"sci_RNA_E_070_GCGGAGTCGA",0,0,1
"sci_RNA_E_070_TAGCCAGCAA",0,0,1
"sci_RNA_E_071_ATCCATCAGG",0,0,1
"sci_RNA_E_071_CTCGGAGCAA",0,0,1
"sci_RNA_E_071_ATATGCCATC",0,0,1
"sci_RNA_E_072_ATCCATCAGG",0,0,1
"sci_RNA_E_073_TCCGCCGGTC",0,0,1
"sci_RNA_E_073_GGCTATTCGA",0,0,1
"sci_RNA_E_073_CGTATTGAGA",0,0,1
"sci_RNA_E_074_TCTATCGGTA",0,0,1
"sci_RNA_E_074_ATATGCCATC",0,0,1
"sci_RNA_E_074_GCGGCCAATC",0,0,1
"sci_RNA_E_074_ACGATAGACT",0,0,1
"sci_RNA_E_074_TGAGACTCTA",0,0,1
"sci_RNA_E_075_TAGCCAGCAA",0,0,1
"sci_RNA_E_076_GGCTCGAGAT",0,0,1
"sci_RNA_E_077_ATATGCCATC",0,0,1
"sci_RNA_E_077_TAGCCAGCAA",0,0,1
"sci_RNA_E_077_ACGATAGACT",0,0,1
"sci_RNA_E_077_ATTAACTTAA",0,0,1
"sci_RNA_E_078_AAGTACGTTA",0,0,1
"sci_RNA_E_078_ATATGCCATC",0,0,1
"sci_RNA_E_078_TAGCCAGCAA",0,0,1
"sci_RNA_E_078_TCCTCTCCGT",0,0,1
"sci_RNA_E_078_TGAGACTCTA",0,0,1
"sci_RNA_E_078_CGTATTGAGA",0,0,1
"sci_RNA_E_079_AAGTACGTTA",0,0,1
"sci_RNA_E_079_ATCCATCAGG",0,0,1
"sci_RNA_E_079_ACCAGTATAA",0,0,1
"sci_RNA_E_079_ACGATAGACT",0,0,1
"sci_RNA_E_080_GGCGGTTGAC",0,0,1
"sci_RNA_E_080_ACGATAGACT",0,0,1
"sci_RNA_E_080_TGAGACTCTA",0,0,1
"sci_RNA_E_080_ATTAACTTAA",0,0,1
"sci_RNA_E_081_TCTATCGGTA",0,0,1
"sci_RNA_E_081_TCGGTAAGGC",0,0,1
"sci_RNA_E_081_CTCGGAGCAA",0,0,1
"sci_RNA_E_081_TAGCCAGCAA",0,0,1
"sci_RNA_E_082_TAGCCAGCAA",0,0,1
"sci_RNA_E_083_CGAATCTCCT",0,0,1
"sci_RNA_E_083_TGAGACTCTA",0,0,1
"sci_RNA_E_084_ATATGCCATC",0,0,1
"sci_RNA_E_084_GCGGAGTCGA",0,0,1
"sci_RNA_E_084_TAGCCAGCAA",0,0,1
"sci_RNA_E_084_GCGGCCAATC",0,0,1
"sci_RNA_E_085_TAGCCAGCAA",0,0,1
"sci_RNA_E_085_TGAGACTCTA",0,0,1
"sci_RNA_E_086_ACGCTTCTCT",0,0,1
"sci_RNA_E_086_TGAGACTCTA",0,0,1
"sci_RNA_E_087_TCCTCTCCGT",0,0,1
"sci_RNA_E_087_GGCTCGAGAT",0,0,1
"sci_RNA_E_088_GATCCAGCGT",0,0,1
"sci_RNA_E_088_CTCGGAGCAA",0,0,1
"sci_RNA_E_088_GGCTATTCGA",0,0,1
"sci_RNA_E_089_AAGTACGTTA",0,0,1
"sci_RNA_E_089_ATATGCCATC",0,0,1
"sci_RNA_E_089_TGAGACTCTA",0,0,1
"sci_RNA_E_089_CGTATTGAGA",0,0,1
"sci_RNA_E_090_TCTATCGGTA",0,0,1
"sci_RNA_E_090_GCGGCCAATC",0,0,1
"sci_RNA_E_090_CGTATTGAGA",0,0,1
"sci_RNA_E_091_AAGTACGTTA",0,0,1
"sci_RNA_E_091_TCCTCTCCGT",0,0,1
"sci_RNA_E_092_TAGCCAGCAA",0,0,1
"sci_RNA_E_092_TCCTCTCCGT",0,0,1
"sci_RNA_E_092_TGAGACTCTA",0,0,1
"sci_RNA_E_092_ATTAACTTAA",0,0,1
"sci_RNA_E_093_TGCCTAACTT",0,0,1
"sci_RNA_E_093_GATCCAGCGT",0,0,1
"sci_RNA_E_093_GGCTCGAGAT",0,0,1
"sci_RNA_E_094_ACGCTTCTCT",0,0,1
"sci_RNA_E_094_CGAATCTCCT",0,0,1
"sci_RNA_E_094_TAGCCAGCAA",0,0,1
"sci_RNA_E_095_ACGATAGACT",0,0,1
"sci_RNA_E_096_TGCCTAACTT",0,0,1
"sci_RNA_E_096_GGCGGTTGAC",0,0,1
"sci_RNA_E_096_CGAATCTCCT",0,0,1
"sci_RNA_E_096_ATATGCCATC",0,0,1
